file,label
/tmp/tmpsxygd7h0/flowers/gardenias_00086.jpg,Large gardenia
/tmp/tmpsxygd7h0/flowers/lilies_00055.jpg,Large lilies
/tmp/tmpsxygd7h0/flowers/hydrangeas_00064.jpg,Medium hydrangeas
/tmp/tmpsxygd7h0/flowers/tulip_00023.jpg,Large tulips
/tmp/tmpsxygd7h0/flowers/lilies_00077.jpg,Large lilies
/tmp/tmpsxygd7h0/flowers/daisies_00040.jpg,Small daisies
/tmp/tmpsxygd7h0/flowers/bougainvillea_00005.jpg,Medium bougainvillea
/tmp/tmpsxygd7h0/flowers/daisies_00084.jpg,daisies
/tmp/tmpsxygd7h0/flowers/orchids_00045.jpg,Medium orchid
/tmp/tmpsxygd7h0/flowers/lilies_00053.jpg,Large lilies
/tmp/tmpsxygd7h0/flowers/hibiscus_00051.jpg,hibiscus
/tmp/tmpsxygd7h0/flowers/gardenias_00026.jpg,Medium gardenia
/tmp/tmpsxygd7h0/flowers/tulip_00016.jpg,Large tulips
/tmp/tmpsxygd7h0/flowers/lilies_00023.jpg,Large lilies
/tmp/tmpsxygd7h0/flowers/hibiscus_00019.jpg,Medium hibiscus
/tmp/tmpsxygd7h0/flowers/hibiscus_00055.jpg,Large hibiscus
/tmp/tmpsxygd7h0/flowers/garden_roses_00016.jpg,garden_roses
/tmp/tmpsxygd7h0/flowers/hydrangeas_00013.jpg,Large hydrangeas
/tmp/tmpsxygd7h0/flowers/tulip_00065.jpg,Large tulips
/tmp/tmpsxygd7h0/flowers/lilies_00068.jpg,Large lilies
/tmp/tmpsxygd7h0/flowers/daisies_00083.jpg,Small daisies
/tmp/tmpsxygd7h0/flowers/peonies_00002.jpg,Large peony
/tmp/tmpsxygd7h0/flowers/tulip_00045.jpg,Medium tulips
/tmp/tmpsxygd7h0/flowers/hydrangeas_00040.jpg,Large hydrangeas
/tmp/tmpsxygd7h0/flowers/lilies_00034.jpg,Large lilies
/tmp/tmpsxygd7h0/flowers/peonies_00064.jpg,Medium peonies
/tmp/tmpsxygd7h0/flowers/garden_roses_00033.jpg,garden_roses
/tmp/tmpsxygd7h0/flowers/orchids_00009.jpg,Medium orchids
/tmp/tmpsxygd7h0/flowers/hibiscus_00084.jpg,Large hibiscus
/tmp/tmpsxygd7h0/flowers/bougainvillea_00048.jpg,Large bougainvillea
/tmp/tmpsxygd7h0/flowers/hydrangeas_00031.jpg,Medium hydrangea
/tmp/tmpsxygd7h0/flowers/tulip_00083.jpg,Medium tulip
/tmp/tmpsxygd7h0/flowers/bougainvillea_00043.jpg,garden_roses
/tmp/tmpsxygd7h0/flowers/orchids_00042.jpg,orchids
/tmp/tmpsxygd7h0/flowers/gardenias_00080.jpg,Medium gardenia
/tmp/tmpsxygd7h0/flowers/garden_roses_00036.jpg,garden_roses
/tmp/tmpsxygd7h0/flowers/garden_roses_00086.jpg,garden_roses
/tmp/tmpsxygd7h0/flowers/bougainvillea_00027.jpg,Medium bougainvillea
/tmp/tmpsxygd7h0/flowers/hydrangeas_00035.jpg,Medium hydrangea
/tmp/tmpsxygd7h0/flowers/peonies_00025.jpg,Medium garden roses
/tmp/tmpsxygd7h0/flowers/bougainvillea_00032.jpg,bougainvillea
/tmp/tmpsxygd7h0/flowers/gardenias_00047.jpg,Medium gardenia
/tmp/tmpsxygd7h0/flowers/bougainvillea_00066.jpg,Large bougainvillea
/tmp/tmpsxygd7h0/flowers/gardenias_00008.jpg,Medium gardenia
/tmp/tmpsxygd7h0/flowers/lilies_00008.jpg,Medium lilies
/tmp/tmpsxygd7h0/flowers/daisies_00035.jpg,Large daisy
/tmp/tmpsxygd7h0/flowers/hydrangeas_00055.jpg,Medium hydrangeas
/tmp/tmpsxygd7h0/flowers/garden_roses_00030.jpg,Medium garden roses
/tmp/tmpsxygd7h0/flowers/gardenias_00029.jpg,Medium gardenia
/tmp/tmpsxygd7h0/flowers/bougainvillea_00010.jpg,Large bougainvillea
/tmp/tmpsxygd7h0/flowers/peonies_00031.jpg,Medium peony
/tmp/tmpsxygd7h0/flowers/peonies_00043.jpg,Large peonies
/tmp/tmpsxygd7h0/flowers/hydrangeas_00063.jpg,Large hydrangeas
/tmp/tmpsxygd7h0/flowers/lilies_00006.jpg,Large lilies
/tmp/tmpsxygd7h0/flowers/hydrangeas_00030.jpg,Medium hydrangea
/tmp/tmpsxygd7h0/flowers/orchids_00024.jpg,Large orchid
/tmp/tmpsxygd7h0/flowers/bougainvillea_00056.jpg,Medium bougainvilleas
/tmp/tmpsxygd7h0/flowers/gardenias_00046.jpg,Large gardenias
/tmp/tmpsxygd7h0/flowers/bougainvillea_00045.jpg,bougainvillea
/tmp/tmpsxygd7h0/flowers/lilies_00080.jpg,Large lilies
/tmp/tmpsxygd7h0/flowers/gardenias_00011.jpg,Medium gardenia
/tmp/tmpsxygd7h0/flowers/tulip_00026.jpg,Large tulip
/tmp/tmpsxygd7h0/flowers/bougainvillea_00075.jpg,Medium bougainvillea
/tmp/tmpsxygd7h0/flowers/lilies_00033.jpg,Medium lilies
/tmp/tmpsxygd7h0/flowers/peonies_00022.jpg,Medium peony
/tmp/tmpsxygd7h0/flowers/hibiscus_00062.jpg,Large hibiscus
/tmp/tmpsxygd7h0/flowers/peonies_00077.jpg,Large peony
/tmp/tmpsxygd7h0/flowers/garden_roses_00087.jpg,Large garden rose
/tmp/tmpsxygd7h0/flowers/garden_roses_00078.jpg,Medium garden roses
/tmp/tmpsxygd7h0/flowers/hibiscus_00060.jpg,Small hibiscus
/tmp/tmpsxygd7h0/flowers/gardenias_00028.jpg,Medium gardenia
/tmp/tmpsxygd7h0/flowers/garden_roses_00074.jpg,garden_roses
/tmp/tmpsxygd7h0/flowers/garden_roses_00047.jpg,Large garden roses
/tmp/tmpsxygd7h0/flowers/gardenias_00083.jpg,Medium gardenia
/tmp/tmpsxygd7h0/flowers/hydrangeas_00006.jpg,Large hydrangeas
/tmp/tmpsxygd7h0/flowers/gardenias_00045.jpg,Small gardenia
/tmp/tmpsxygd7h0/flowers/hibiscus_00064.jpg,hibiscus
/tmp/tmpsxygd7h0/flowers/peonies_00049.jpg,Large peony
/tmp/tmpsxygd7h0/flowers/hydrangeas_00044.jpg,Large hydrangeas
/tmp/tmpsxygd7h0/flowers/gardenias_00064.jpg,Large gardenias
/tmp/tmpsxygd7h0/flowers/daisies_00055.jpg,daisies
/tmp/tmpsxygd7h0/flowers/orchids_00061.jpg,Large orchids
/tmp/tmpsxygd7h0/flowers/lilies_00065.jpg,Medium lilies
/tmp/tmpsxygd7h0/flowers/orchids_00051.jpg,orchid
/tmp/tmpsxygd7h0/flowers/gardenias_00072.jpg,Medium gardenia
/tmp/tmpsxygd7h0/flowers/tulip_00067.jpg,Large tulips
/tmp/tmpsxygd7h0/flowers/gardenias_00084.jpg,Medium gardenia
/tmp/tmpsxygd7h0/flowers/hydrangeas_00028.jpg,Large hydrangeas
/tmp/tmpsxygd7h0/flowers/gardenias_00058.jpg,Medium gardenia
/tmp/tmpsxygd7h0/flowers/gardenias_00049.jpg,Medium gardenia
/tmp/tmpsxygd7h0/flowers/tulip_00006.jpg,Medium tulip
/tmp/tmpsxygd7h0/flowers/garden_roses_00035.jpg,garden_roses
/tmp/tmpsxygd7h0/flowers/hibiscus_00002.jpg,Small hibiscus
/tmp/tmpsxygd7h0/flowers/peonies_00011.jpg,peonies
/tmp/tmpsxygd7h0/flowers/bougainvillea_00019.jpg,Large bougainvillea
/tmp/tmpsxygd7h0/flowers/garden_roses_00075.jpg,Medium garden roses
/tmp/tmpsxygd7h0/flowers/lilies_00060.jpg,Large lilies
/tmp/tmpsxygd7h0/flowers/tulip_00017.jpg,tulip
/tmp/tmpsxygd7h0/flowers/orchids_00006.jpg,orchids
/tmp/tmpsxygd7h0/flowers/daisies_00043.jpg,Large daisies
/tmp/tmpsxygd7h0/flowers/garden_roses_00083.jpg,Medium garden roses
/tmp/tmpsxygd7h0/flowers/daisies_00050.jpg,Small daisies
/tmp/tmpsxygd7h0/flowers/tulip_00007.jpg,tulips
/tmp/tmpsxygd7h0/flowers/daisies_00080.jpg,Large daisy
/tmp/tmpsxygd7h0/flowers/lilies_00061.jpg,Large lilies
/tmp/tmpsxygd7h0/flowers/daisies_00026.jpg,Small daisies
/tmp/tmpsxygd7h0/flowers/hibiscus_00074.jpg,Medium hibiscus
/tmp/tmpsxygd7h0/flowers/hydrangeas_00045.jpg,Large hydrangeas
/tmp/tmpsxygd7h0/flowers/bougainvillea_00033.jpg,bougainvilleas
/tmp/tmpsxygd7h0/flowers/hydrangeas_00021.jpg,Medium hydrangeas
/tmp/tmpsxygd7h0/flowers/hibiscus_00066.jpg,hibiscuses
/tmp/tmpsxygd7h0/flowers/tulip_00049.jpg,Large tulips
/tmp/tmpsxygd7h0/flowers/tulip_00025.jpg,Large tulips
/tmp/tmpsxygd7h0/flowers/lilies_00002.jpg,Large lilies
/tmp/tmpsxygd7h0/flowers/orchids_00064.jpg,orchids
/tmp/tmpsxygd7h0/flowers/peonies_00032.jpg,peonies
/tmp/tmpsxygd7h0/flowers/hibiscus_00015.jpg,Large hibiscus
/tmp/tmpsxygd7h0/flowers/gardenias_00036.jpg,Medium gardenia
/tmp/tmpsxygd7h0/flowers/bougainvillea_00025.jpg,Large bougainvillea
/tmp/tmpsxygd7h0/flowers/hibiscus_00016.jpg,Medium hibiscus
/tmp/tmpsxygd7h0/flowers/daisies_00014.jpg,Small daisies
/tmp/tmpsxygd7h0/flowers/hibiscus_00037.jpg,Large hibiscus
/tmp/tmpsxygd7h0/flowers/bougainvillea_00017.jpg,Medium bougainvilleas
/tmp/tmpsxygd7h0/flowers/tulip_00015.jpg,Large tulips
/tmp/tmpsxygd7h0/flowers/hibiscus_00081.jpg,hibiscuses
/tmp/tmpsxygd7h0/flowers/peonies_00079.jpg,Medium garden roses
/tmp/tmpsxygd7h0/flowers/daisies_00051.jpg,Large daisy
/tmp/tmpsxygd7h0/flowers/garden_roses_00061.jpg,garden_roses
/tmp/tmpsxygd7h0/flowers/hydrangeas_00038.jpg,Large hydrangeas
/tmp/tmpsxygd7h0/flowers/tulip_00050.jpg,Large tulips
/tmp/tmpsxygd7h0/flowers/orchids_00004.jpg,Large orchid
/tmp/tmpsxygd7h0/flowers/garden_roses_00052.jpg,Medium garden rose
/tmp/tmpsxygd7h0/flowers/bougainvillea_00079.jpg,Medium bougainvillea
/tmp/tmpsxygd7h0/flowers/lilies_00036.jpg,Large lilies
/tmp/tmpsxygd7h0/flowers/garden_roses_00072.jpg,garden_roses
/tmp/tmpsxygd7h0/flowers/peonies_00066.jpg,Large peony
/tmp/tmpsxygd7h0/flowers/hydrangeas_00016.jpg,Large hydrangeas
/tmp/tmpsxygd7h0/flowers/tulip_00029.jpg,Medium tulip
/tmp/tmpsxygd7h0/flowers/garden_roses_00050.jpg,Medium garden rose
/tmp/tmpsxygd7h0/flowers/hibiscus_00003.jpg,Small hibiscus
/tmp/tmpsxygd7h0/flowers/tulip_00046.jpg,Large tulip
/tmp/tmpsxygd7h0/flowers/tulip_00058.jpg,tulips
/tmp/tmpsxygd7h0/flowers/hibiscus_00029.jpg,hibiscus
/tmp/tmpsxygd7h0/flowers/lilies_00084.jpg,Large lilies
/tmp/tmpsxygd7h0/flowers/daisies_00005.jpg,Large daisy
/tmp/tmpsxygd7h0/flowers/gardenias_00032.jpg,Medium gardenias
/tmp/tmpsxygd7h0/flowers/orchids_00037.jpg,Large orchid
/tmp/tmpsxygd7h0/flowers/hibiscus_00072.jpg,Large hibiscus
/tmp/tmpsxygd7h0/flowers/bougainvillea_00022.jpg,Large bougainvillea
/tmp/tmpsxygd7h0/flowers/gardenias_00004.jpg,Medium gardenia
/tmp/tmpsxygd7h0/flowers/peonies_00021.jpg,Medium peonies
/tmp/tmpsxygd7h0/flowers/bougainvillea_00053.jpg,Large bougainvillea
/tmp/tmpsxygd7h0/flowers/hydrangeas_00024.jpg,Large hydrangeas
/tmp/tmpsxygd7h0/flowers/bougainvillea_00004.jpg,Small bougainvillea
/tmp/tmpsxygd7h0/flowers/garden_roses_00063.jpg,hydrangeas
/tmp/tmpsxygd7h0/flowers/hibiscus_00048.jpg,Medium hibiscus
/tmp/tmpsxygd7h0/flowers/lilies_00082.jpg,Large lilies
/tmp/tmpsxygd7h0/flowers/daisies_00075.jpg,daisies
/tmp/tmpsxygd7h0/flowers/hydrangeas_00005.jpg,Large hydrangeas
/tmp/tmpsxygd7h0/flowers/hydrangeas_00071.jpg,Large hydrangea
/tmp/tmpsxygd7h0/flowers/garden_roses_00058.jpg,Medium garden roses
/tmp/tmpsxygd7h0/flowers/orchids_00029.jpg,orchids
/tmp/tmpsxygd7h0/flowers/hibiscus_00077.jpg,Large hibiscus
/tmp/tmpsxygd7h0/flowers/gardenias_00052.jpg,Large gardenia
/tmp/tmpsxygd7h0/flowers/bougainvillea_00059.jpg,Large bougainvillea
/tmp/tmpsxygd7h0/flowers/bougainvillea_00006.jpg,Large bougainvillea
/tmp/tmpsxygd7h0/flowers/daisies_00044.jpg,Large daisies
/tmp/tmpsxygd7h0/flowers/garden_roses_00038.jpg,Medium garden rose
/tmp/tmpsxygd7h0/flowers/daisies_00049.jpg,Large daisies
/tmp/tmpsxygd7h0/flowers/hibiscus_00069.jpg,Large hibiscus
/tmp/tmpsxygd7h0/flowers/orchids_00057.jpg,orchids
/tmp/tmpsxygd7h0/flowers/garden_roses_00034.jpg,Medium garden rose
/tmp/tmpsxygd7h0/flowers/hydrangeas_00034.jpg,Medium hydrangeas
/tmp/tmpsxygd7h0/flowers/hydrangeas_00069.jpg,Medium hydrangeas
/tmp/tmpsxygd7h0/flowers/garden_roses_00028.jpg,garden_roses
/tmp/tmpsxygd7h0/flowers/tulip_00018.jpg,tulips
/tmp/tmpsxygd7h0/flowers/bougainvillea_00003.jpg,Large bougainvillea
/tmp/tmpsxygd7h0/flowers/daisies_00057.jpg,Large daisy
/tmp/tmpsxygd7h0/flowers/lilies_00035.jpg,Large lilies
/tmp/tmpsxygd7h0/flowers/hydrangeas_00051.jpg,Medium hydrangea
/tmp/tmpsxygd7h0/flowers/tulip_00012.jpg,Medium tulips
/tmp/tmpsxygd7h0/flowers/tulip_00030.jpg,Large tulips
/tmp/tmpsxygd7h0/flowers/hydrangeas_00007.jpg,Medium hydrangeas
/tmp/tmpsxygd7h0/flowers/daisies_00074.jpg,Large daisy
/tmp/tmpsxygd7h0/flowers/lilies_00048.jpg,Large lily
/tmp/tmpsxygd7h0/flowers/gardenias_00021.jpg,Small gardenias
/tmp/tmpsxygd7h0/flowers/peonies_00056.jpg,peonies
/tmp/tmpsxygd7h0/flowers/daisies_00086.jpg,Large daisies
/tmp/tmpsxygd7h0/flowers/orchids_00017.jpg,orchid
/tmp/tmpsxygd7h0/flowers/hibiscus_00076.jpg,Medium hibiscus
/tmp/tmpsxygd7h0/flowers/orchids_00028.jpg,Large orchid
/tmp/tmpsxygd7h0/flowers/daisies_00087.jpg,daisies
/tmp/tmpsxygd7h0/flowers/garden_roses_00008.jpg,Medium garden rose
/tmp/tmpsxygd7h0/flowers/gardenias_00025.jpg,Medium gardenia
/tmp/tmpsxygd7h0/flowers/daisies_00016.jpg,Large daisy
/tmp/tmpsxygd7h0/flowers/hydrangeas_00054.jpg,Medium hydrangeas
/tmp/tmpsxygd7h0/flowers/tulip_00031.jpg,Large tulips
/tmp/tmpsxygd7h0/flowers/lilies_00075.jpg,Medium lilies
/tmp/tmpsxygd7h0/flowers/bougainvillea_00021.jpg,Large bougainvillea
/tmp/tmpsxygd7h0/flowers/tulip_00027.jpg,Medium tulip
/tmp/tmpsxygd7h0/flowers/hibiscus_00006.jpg,Small hibiscus
/tmp/tmpsxygd7h0/flowers/peonies_00035.jpg,Large peonies
/tmp/tmpsxygd7h0/flowers/lilies_00040.jpg,Large lilies
/tmp/tmpsxygd7h0/flowers/orchids_00021.jpg,orchids
/tmp/tmpsxygd7h0/flowers/hibiscus_00078.jpg,Large hibiscus
/tmp/tmpsxygd7h0/flowers/orchids_00005.jpg,orchids
/tmp/tmpsxygd7h0/flowers/hibiscus_00046.jpg,Large hibiscus
/tmp/tmpsxygd7h0/flowers/bougainvillea_00047.jpg,Medium bougainvillea
/tmp/tmpsxygd7h0/flowers/peonies_00065.jpg,Large peony
/tmp/tmpsxygd7h0/flowers/daisies_00002.jpg,Large daisy
/tmp/tmpsxygd7h0/flowers/hydrangeas_00002.jpg,Medium hydrangea
/tmp/tmpsxygd7h0/flowers/daisies_00003.jpg,Small daisy
/tmp/tmpsxygd7h0/flowers/lilies_00069.jpg,Medium lilies
/tmp/tmpsxygd7h0/flowers/hibiscus_00005.jpg,Large hibiscus
/tmp/tmpsxygd7h0/flowers/tulip_00081.jpg,Medium tulips
/tmp/tmpsxygd7h0/flowers/hibiscus_00068.jpg,Large hibiscus
/tmp/tmpsxygd7h0/flowers/peonies_00027.jpg,Medium peonies
/tmp/tmpsxygd7h0/flowers/lilies_00014.jpg,Large lily
/tmp/tmpsxygd7h0/flowers/bougainvillea_00058.jpg,Large bougainvillea
/tmp/tmpsxygd7h0/flowers/hydrangeas_00066.jpg,Large hydrangeas
/tmp/tmpsxygd7h0/flowers/tulip_00009.jpg,tulips
/tmp/tmpsxygd7h0/flowers/garden_roses_00060.jpg,garden_roses
/tmp/tmpsxygd7h0/flowers/orchids_00010.jpg,orchids
/tmp/tmpsxygd7h0/flowers/garden_roses_00020.jpg,garden_roses
/tmp/tmpsxygd7h0/flowers/hibiscus_00041.jpg,Large hibiscuses
/tmp/tmpsxygd7h0/flowers/garden_roses_00053.jpg,Large peonies
/tmp/tmpsxygd7h0/flowers/daisies_00065.jpg,Small daisy
/tmp/tmpsxygd7h0/flowers/daisies_00079.jpg,daisies
/tmp/tmpsxygd7h0/flowers/tulip_00063.jpg,Medium tulip
/tmp/tmpsxygd7h0/flowers/daisies_00032.jpg,daisies
/tmp/tmpsxygd7h0/flowers/orchids_00011.jpg,Large orchids
/tmp/tmpsxygd7h0/flowers/tulip_00057.jpg,Large tulips
/tmp/tmpsxygd7h0/flowers/hibiscus_00036.jpg,Large hibiscus
/tmp/tmpsxygd7h0/flowers/garden_roses_00024.jpg,Large garden rose
/tmp/tmpsxygd7h0/flowers/daisies_00022.jpg,Large daisies
/tmp/tmpsxygd7h0/flowers/peonies_00063.jpg,Large peonies
/tmp/tmpsxygd7h0/flowers/gardenias_00024.jpg,Medium gardenia
/tmp/tmpsxygd7h0/flowers/gardenias_00023.jpg,Medium gardenia
/tmp/tmpsxygd7h0/flowers/tulip_00084.jpg,tulips
/tmp/tmpsxygd7h0/flowers/gardenias_00073.jpg,Medium gardenia
/tmp/tmpsxygd7h0/flowers/bougainvillea_00024.jpg,Large bougainvilleas
/tmp/tmpsxygd7h0/flowers/gardenias_00038.jpg,Medium gardenia
/tmp/tmpsxygd7h0/flowers/gardenias_00077.jpg,Large gardenia
/tmp/tmpsxygd7h0/flowers/tulip_00051.jpg,Large tulips
/tmp/tmpsxygd7h0/flowers/hydrangeas_00057.jpg,Large hydrangea
/tmp/tmpsxygd7h0/flowers/orchids_00012.jpg,orchids
/tmp/tmpsxygd7h0/flowers/peonies_00013.jpg,peonies
/tmp/tmpsxygd7h0/flowers/bougainvillea_00061.jpg,bougainvillea
/tmp/tmpsxygd7h0/flowers/tulip_00033.jpg,tulips
/tmp/tmpsxygd7h0/flowers/orchids_00019.jpg,orchids
/tmp/tmpsxygd7h0/flowers/hibiscus_00044.jpg,Large hibiscus
/tmp/tmpsxygd7h0/flowers/hibiscus_00014.jpg,Large hibiscus
/tmp/tmpsxygd7h0/flowers/bougainvillea_00074.jpg,Medium bougainvillea
/tmp/tmpsxygd7h0/flowers/tulip_00024.jpg,Large tulips
/tmp/tmpsxygd7h0/flowers/lilies_00018.jpg,Large lily
/tmp/tmpsxygd7h0/flowers/bougainvillea_00026.jpg,Large bougainvillea
/tmp/tmpsxygd7h0/flowers/daisies_00015.jpg,Large daisy
/tmp/tmpsxygd7h0/flowers/orchids_00066.jpg,Medium orchids
/tmp/tmpsxygd7h0/flowers/daisies_00073.jpg,daisies
/tmp/tmpsxygd7h0/flowers/bougainvillea_00037.jpg,Large bougainvillea
/tmp/tmpsxygd7h0/flowers/orchids_00044.jpg,orchid
/tmp/tmpsxygd7h0/flowers/hibiscus_00056.jpg,Medium hibiscuses
/tmp/tmpsxygd7h0/flowers/peonies_00040.jpg,Large peonies
/tmp/tmpsxygd7h0/flowers/peonies_00004.jpg,Large peony
/tmp/tmpsxygd7h0/flowers/gardenias_00056.jpg,Medium gardenia
/tmp/tmpsxygd7h0/flowers/lilies_00070.jpg,Large lilies
/tmp/tmpsxygd7h0/flowers/gardenias_00067.jpg,Large gardenias
/tmp/tmpsxygd7h0/flowers/orchids_00048.jpg,orchids
/tmp/tmpsxygd7h0/flowers/garden_roses_00077.jpg,Large garden rose
/tmp/tmpsxygd7h0/flowers/garden_roses_00012.jpg,Medium garden rose
/tmp/tmpsxygd7h0/flowers/daisies_00071.jpg,Large daisies
/tmp/tmpsxygd7h0/flowers/hydrangeas_00046.jpg,Medium hydrangea
/tmp/tmpsxygd7h0/flowers/orchids_00056.jpg,orchids
/tmp/tmpsxygd7h0/flowers/peonies_00034.jpg,Large peony
/tmp/tmpsxygd7h0/flowers/daisies_00025.jpg,Large daisy
/tmp/tmpsxygd7h0/flowers/garden_roses_00017.jpg,Medium garden rose
/tmp/tmpsxygd7h0/flowers/bougainvillea_00012.jpg,Medium bougainvilleas
/tmp/tmpsxygd7h0/flowers/orchids_00067.jpg,Large orchid
/tmp/tmpsxygd7h0/flowers/gardenias_00030.jpg,Medium garden rose
/tmp/tmpsxygd7h0/flowers/orchids_00002.jpg,Medium orchids
/tmp/tmpsxygd7h0/flowers/daisies_00028.jpg,Large daisy
/tmp/tmpsxygd7h0/flowers/peonies_00038.jpg,peonies
/tmp/tmpsxygd7h0/flowers/peonies_00073.jpg,peonies
/tmp/tmpsxygd7h0/flowers/bougainvillea_00038.jpg,Large bougainvillea
/tmp/tmpsxygd7h0/flowers/tulip_00056.jpg,tulips
/tmp/tmpsxygd7h0/flowers/lilies_00030.jpg,Large lily
/tmp/tmpsxygd7h0/flowers/peonies_00028.jpg,Large peony
/tmp/tmpsxygd7h0/flowers/gardenias_00057.jpg,Large peony
/tmp/tmpsxygd7h0/flowers/peonies_00033.jpg,peonies
/tmp/tmpsxygd7h0/flowers/garden_roses_00018.jpg,Medium garden roses
/tmp/tmpsxygd7h0/flowers/orchids_00014.jpg,orchids
/tmp/tmpsxygd7h0/flowers/hibiscus_00039.jpg,Medium hibiscus
/tmp/tmpsxygd7h0/flowers/hibiscus_00082.jpg,hibiscus
/tmp/tmpsxygd7h0/flowers/hibiscus_00038.jpg,hibiscuses
/tmp/tmpsxygd7h0/flowers/hibiscus_00045.jpg,Large hibiscus
/tmp/tmpsxygd7h0/flowers/hibiscus_00012.jpg,Large hibiscus
/tmp/tmpsxygd7h0/flowers/gardenias_00063.jpg,Large gardenias
/tmp/tmpsxygd7h0/flowers/daisies_00018.jpg,Small daisies
/tmp/tmpsxygd7h0/flowers/orchids_00050.jpg,orchids
/tmp/tmpsxygd7h0/flowers/daisies_00081.jpg,Medium daisies
/tmp/tmpsxygd7h0/flowers/lilies_00059.jpg,Large lilies
/tmp/tmpsxygd7h0/flowers/orchids_00020.jpg,Medium orchids
/tmp/tmpsxygd7h0/flowers/gardenias_00059.jpg,Medium gardenia
/tmp/tmpsxygd7h0/flowers/daisies_00052.jpg,Small daisies
/tmp/tmpsxygd7h0/flowers/tulip_00070.jpg,tulips
/tmp/tmpsxygd7h0/flowers/bougainvillea_00023.jpg,Large bougainvillea
/tmp/tmpsxygd7h0/flowers/hibiscus_00053.jpg,Large hibiscus
/tmp/tmpsxygd7h0/flowers/gardenias_00035.jpg,Medium gardenia
/tmp/tmpsxygd7h0/flowers/daisies_00008.jpg,Large daisies
/tmp/tmpsxygd7h0/flowers/hibiscus_00065.jpg,Large hibiscus
/tmp/tmpsxygd7h0/flowers/orchids_00038.jpg,Medium orchids
/tmp/tmpsxygd7h0/flowers/peonies_00080.jpg,Medium peony
/tmp/tmpsxygd7h0/flowers/hydrangeas_00014.jpg,Large hydrangeas
/tmp/tmpsxygd7h0/flowers/bougainvillea_00078.jpg,Medium bougainvillea
/tmp/tmpsxygd7h0/flowers/orchids_00013.jpg,orchids
/tmp/tmpsxygd7h0/flowers/daisies_00088.jpg,Small daisies
/tmp/tmpsxygd7h0/flowers/hydrangeas_00015.jpg,Medium hydrangeas
/tmp/tmpsxygd7h0/flowers/daisies_00009.jpg,Large daisy
/tmp/tmpsxygd7h0/flowers/hibiscus_00007.jpg,Medium hibiscuses
/tmp/tmpsxygd7h0/flowers/garden_roses_00026.jpg,garden_roses
/tmp/tmpsxygd7h0/flowers/bougainvillea_00009.jpg,bougainvillea
/tmp/tmpsxygd7h0/flowers/hibiscus_00047.jpg,hibiscuses
/tmp/tmpsxygd7h0/flowers/gardenias_00009.jpg,Medium gardenia
/tmp/tmpsxygd7h0/flowers/gardenias_00019.jpg,Medium gardenia
/tmp/tmpsxygd7h0/flowers/peonies_00008.jpg,peony
/tmp/tmpsxygd7h0/flowers/lilies_00004.jpg,Medium lilies
/tmp/tmpsxygd7h0/flowers/gardenias_00037.jpg,Medium gardenia
/tmp/tmpsxygd7h0/flowers/bougainvillea_00028.jpg,Large bougainvillea
/tmp/tmpsxygd7h0/flowers/daisies_00085.jpg,Large daisies
/tmp/tmpsxygd7h0/flowers/lilies_00051.jpg,Medium lilies
/tmp/tmpsxygd7h0/flowers/orchids_00059.jpg,orchids
/tmp/tmpsxygd7h0/flowers/peonies_00055.jpg,Medium peonies
/tmp/tmpsxygd7h0/flowers/daisies_00012.jpg,Large daisy
/tmp/tmpsxygd7h0/flowers/peonies_00067.jpg,Large peony
/tmp/tmpsxygd7h0/flowers/garden_roses_00085.jpg,Medium garden rose
/tmp/tmpsxygd7h0/flowers/peonies_00071.jpg,Large peony
/tmp/tmpsxygd7h0/flowers/daisies_00061.jpg,Large daisies
/tmp/tmpsxygd7h0/flowers/garden_roses_00037.jpg,Large bougainvilleas
/tmp/tmpsxygd7h0/flowers/bougainvillea_00070.jpg,Large bougainvillea
/tmp/tmpsxygd7h0/flowers/peonies_00037.jpg,Medium peony
/tmp/tmpsxygd7h0/flowers/lilies_00071.jpg,Large lilies
/tmp/tmpsxygd7h0/flowers/garden_roses_00027.jpg,Large garden roses
/tmp/tmpsxygd7h0/flowers/hydrangeas_00033.jpg,Large hydrangeas
/tmp/tmpsxygd7h0/flowers/peonies_00020.jpg,Medium garden roses
/tmp/tmpsxygd7h0/flowers/garden_roses_00079.jpg,Medium garden roses
/tmp/tmpsxygd7h0/flowers/garden_roses_00023.jpg,garden_roses
/tmp/tmpsxygd7h0/flowers/gardenias_00007.jpg,Medium gardenia
/tmp/tmpsxygd7h0/flowers/lilies_00011.jpg,Large lily
/tmp/tmpsxygd7h0/flowers/daisies_00021.jpg,Small daisies
/tmp/tmpsxygd7h0/flowers/bougainvillea_00014.jpg,Large bougainvillea
/tmp/tmpsxygd7h0/flowers/daisies_00047.jpg,daisies
/tmp/tmpsxygd7h0/flowers/tulip_00008.jpg,Medium tulip
/tmp/tmpsxygd7h0/flowers/orchids_00062.jpg,orchid
/tmp/tmpsxygd7h0/flowers/gardenias_00085.jpg,Small gardenias
/tmp/tmpsxygd7h0/flowers/gardenias_00076.jpg,Medium gardenia
/tmp/tmpsxygd7h0/flowers/tulip_00062.jpg,Large tulips
/tmp/tmpsxygd7h0/flowers/orchids_00041.jpg,Large orchid
/tmp/tmpsxygd7h0/flowers/hibiscus_00075.jpg,Large hibiscus
/tmp/tmpsxygd7h0/flowers/daisies_00019.jpg,Small daisies
/tmp/tmpsxygd7h0/flowers/bougainvillea_00072.jpg,Large bougainvillea
/tmp/tmpsxygd7h0/flowers/peonies_00060.jpg,Medium peony
/tmp/tmpsxygd7h0/flowers/daisies_00072.jpg,daisies
/tmp/tmpsxygd7h0/flowers/garden_roses_00031.jpg,garden_roses
/tmp/tmpsxygd7h0/flowers/lilies_00083.jpg,Large lilies
/tmp/tmpsxygd7h0/flowers/peonies_00069.jpg,Medium peony
/tmp/tmpsxygd7h0/flowers/peonies_00044.jpg,Medium peonies
/tmp/tmpsxygd7h0/flowers/orchids_00025.jpg,orchids
/tmp/tmpsxygd7h0/flowers/bougainvillea_00042.jpg,Medium bougainvilleas
/tmp/tmpsxygd7h0/flowers/tulip_00074.jpg,tulips
/tmp/tmpsxygd7h0/flowers/hydrangeas_00012.jpg,Large hydrangeas
/tmp/tmpsxygd7h0/flowers/bougainvillea_00002.jpg,Medium bougainvillea
/tmp/tmpsxygd7h0/flowers/bougainvillea_00016.jpg,Large bougainvillea
/tmp/tmpsxygd7h0/flowers/peonies_00078.jpg,Large peony
/tmp/tmpsxygd7h0/flowers/tulip_00032.jpg,Large tulips
/tmp/tmpsxygd7h0/flowers/bougainvillea_00040.jpg,Large bougainvillea
/tmp/tmpsxygd7h0/flowers/peonies_00068.jpg,peonies
/tmp/tmpsxygd7h0/flowers/tulip_00011.jpg,tulips
/tmp/tmpsxygd7h0/flowers/gardenias_00042.jpg,Medium gardenia
/tmp/tmpsxygd7h0/flowers/hydrangeas_00059.jpg,Large hydrangeas
/tmp/tmpsxygd7h0/flowers/garden_roses_00062.jpg,Large garden roses
/tmp/tmpsxygd7h0/flowers/lilies_00020.jpg,Medium lilies
/tmp/tmpsxygd7h0/flowers/garden_roses_00067.jpg,garden_roses
/tmp/tmpsxygd7h0/flowers/bougainvillea_00013.jpg,Large bougainvillea
/tmp/tmpsxygd7h0/flowers/peonies_00018.jpg,peonies
/tmp/tmpsxygd7h0/flowers/peonies_00014.jpg,Large peony
/tmp/tmpsxygd7h0/flowers/daisies_00060.jpg,Large daisy
/tmp/tmpsxygd7h0/flowers/lilies_00064.jpg,Large lilies
/tmp/tmpsxygd7h0/flowers/lilies_00066.jpg,Large lilies
/tmp/tmpsxygd7h0/flowers/peonies_00070.jpg,Medium garden rose
/tmp/tmpsxygd7h0/flowers/gardenias_00016.jpg,Medium gardenia
/tmp/tmpsxygd7h0/flowers/daisies_00076.jpg,Small daisy
/tmp/tmpsxygd7h0/flowers/tulip_00048.jpg,Large tulips
/tmp/tmpsxygd7h0/flowers/bougainvillea_00068.jpg,Small bougainvillea
/tmp/tmpsxygd7h0/flowers/daisies_00058.jpg,Small daisies
/tmp/tmpsxygd7h0/flowers/hibiscus_00030.jpg,Large hibiscus
/tmp/tmpsxygd7h0/flowers/garden_roses_00039.jpg,garden_roses
/tmp/tmpsxygd7h0/flowers/tulip_00041.jpg,Large tulip
/tmp/tmpsxygd7h0/flowers/tulip_00040.jpg,Medium tulips
/tmp/tmpsxygd7h0/flowers/bougainvillea_00029.jpg,Medium bougainvilleas
/tmp/tmpsxygd7h0/flowers/hydrangeas_00070.jpg,Large hydrangeas
/tmp/tmpsxygd7h0/flowers/gardenias_00065.jpg,Large gardenia
/tmp/tmpsxygd7h0/flowers/daisies_00038.jpg,Small daisies
/tmp/tmpsxygd7h0/flowers/orchids_00035.jpg,Large orchid
/tmp/tmpsxygd7h0/flowers/lilies_00078.jpg,Large lilies
/tmp/tmpsxygd7h0/flowers/hydrangeas_00032.jpg,Large hydrangeas
/tmp/tmpsxygd7h0/flowers/bougainvillea_00076.jpg,Medium bougainvillea
/tmp/tmpsxygd7h0/flowers/orchids_00008.jpg,orchids
/tmp/tmpsxygd7h0/flowers/tulip_00077.jpg,Large tulip
/tmp/tmpsxygd7h0/flowers/garden_roses_00080.jpg,Medium garden roses
/tmp/tmpsxygd7h0/flowers/tulip_00005.jpg,tulip
/tmp/tmpsxygd7h0/flowers/orchids_00015.jpg,orchids
/tmp/tmpsxygd7h0/flowers/garden_roses_00046.jpg,garden_roses
/tmp/tmpsxygd7h0/flowers/garden_roses_00069.jpg,garden_roses
/tmp/tmpsxygd7h0/flowers/peonies_00015.jpg,Large garden roses
/tmp/tmpsxygd7h0/flowers/lilies_00081.jpg,lilies
/tmp/tmpsxygd7h0/flowers/hibiscus_00011.jpg,Large hibiscus
/tmp/tmpsxygd7h0/flowers/bougainvillea_00064.jpg,Medium bougainvillea
/tmp/tmpsxygd7h0/flowers/bougainvillea_00057.jpg,Large bougainvilleas
/tmp/tmpsxygd7h0/flowers/gardenias_00082.jpg,Large gardenia
/tmp/tmpsxygd7h0/flowers/daisies_00062.jpg,daisies
/tmp/tmpsxygd7h0/flowers/hydrangeas_00019.jpg,Large hydrangeas
/tmp/tmpsxygd7h0/flowers/gardenias_00060.jpg,Medium gardenia
/tmp/tmpsxygd7h0/flowers/daisies_00064.jpg,Large daisy
/tmp/tmpsxygd7h0/flowers/lilies_00045.jpg,Large lilies
/tmp/tmpsxygd7h0/flowers/garden_roses_00076.jpg,garden_roses
/tmp/tmpsxygd7h0/flowers/daisies_00037.jpg,Large daisies
/tmp/tmpsxygd7h0/flowers/daisies_00023.jpg,Large daisy
/tmp/tmpsxygd7h0/flowers/peonies_00059.jpg,Large peony
/tmp/tmpsxygd7h0/flowers/hibiscus_00031.jpg,Large hibiscus
/tmp/tmpsxygd7h0/flowers/lilies_00016.jpg,Large lily
/tmp/tmpsxygd7h0/flowers/bougainvillea_00039.jpg,Large bougainvillea
/tmp/tmpsxygd7h0/flowers/hibiscus_00042.jpg,hibiscus
/tmp/tmpsxygd7h0/flowers/hibiscus_00043.jpg,Large hibiscus
/tmp/tmpsxygd7h0/flowers/gardenias_00051.jpg,Large gardenia
/tmp/tmpsxygd7h0/flowers/bougainvillea_00020.jpg,Large bougainvillea
/tmp/tmpsxygd7h0/flowers/gardenias_00002.jpg,Medium gardenia
/tmp/tmpsxygd7h0/flowers/hibiscus_00010.jpg,Large hibiscus
/tmp/tmpsxygd7h0/flowers/gardenias_00075.jpg,Small gardenia
/tmp/tmpsxygd7h0/flowers/garden_roses_00066.jpg,garden_roses
/tmp/tmpsxygd7h0/flowers/peonies_00048.jpg,Large peonies
/tmp/tmpsxygd7h0/flowers/peonies_00010.jpg,Large peony
/tmp/tmpsxygd7h0/flowers/garden_roses_00025.jpg,Large garden roses
/tmp/tmpsxygd7h0/flowers/garden_roses_00071.jpg,Large garden roses
/tmp/tmpsxygd7h0/flowers/hydrangeas_00029.jpg,Medium hydrangeas
/tmp/tmpsxygd7h0/flowers/tulip_00054.jpg,tulip
/tmp/tmpsxygd7h0/flowers/lilies_00021.jpg,Large lily
/tmp/tmpsxygd7h0/flowers/gardenias_00055.jpg,Small gardenias
/tmp/tmpsxygd7h0/flowers/garden_roses_00009.jpg,Medium garden roses
/tmp/tmpsxygd7h0/flowers/tulip_00037.jpg,Medium tulips
/tmp/tmpsxygd7h0/flowers/bougainvillea_00036.jpg,Medium bougainvillea
/tmp/tmpsxygd7h0/flowers/daisies_00027.jpg,Large daisy
/tmp/tmpsxygd7h0/flowers/bougainvillea_00069.jpg,Medium bougainvillea
/tmp/tmpsxygd7h0/flowers/orchids_00052.jpg,Large orchids
/tmp/tmpsxygd7h0/flowers/gardenias_00079.jpg,Large gardenias
/tmp/tmpsxygd7h0/flowers/lilies_00042.jpg,Large lilies
/tmp/tmpsxygd7h0/flowers/daisies_00010.jpg,Large daisy
/tmp/tmpsxygd7h0/flowers/hydrangeas_00048.jpg,Medium hydrangea
/tmp/tmpsxygd7h0/flowers/tulip_00013.jpg,Large tulips
/tmp/tmpsxygd7h0/flowers/lilies_00038.jpg,Large lilies
/tmp/tmpsxygd7h0/flowers/lilies_00079.jpg,Large lily
/tmp/tmpsxygd7h0/flowers/hibiscus_00018.jpg,Large hibiscus
/tmp/tmpsxygd7h0/flowers/bougainvillea_00073.jpg,Large bougainvillea
/tmp/tmpsxygd7h0/flowers/daisies_00063.jpg,Small daisies
/tmp/tmpsxygd7h0/flowers/garden_roses_00043.jpg,garden_roses
/tmp/tmpsxygd7h0/flowers/orchids_00032.jpg,orchids
/tmp/tmpsxygd7h0/flowers/orchids_00053.jpg,orchids
/tmp/tmpsxygd7h0/flowers/lilies_00005.jpg,Large lilies
/tmp/tmpsxygd7h0/flowers/peonies_00062.jpg,Large peonies
/tmp/tmpsxygd7h0/flowers/daisies_00029.jpg,Small daisies
/tmp/tmpsxygd7h0/flowers/hibiscus_00080.jpg,Medium hibiscus
/tmp/tmpsxygd7h0/flowers/garden_roses_00051.jpg,Large garden roses
/tmp/tmpsxygd7h0/flowers/daisies_00034.jpg,Large daisy
/tmp/tmpsxygd7h0/flowers/hydrangeas_00017.jpg,Large hydrangeas
/tmp/tmpsxygd7h0/flowers/bougainvillea_00015.jpg,Medium bougainvillea
/tmp/tmpsxygd7h0/flowers/orchids_00023.jpg,orchids
/tmp/tmpsxygd7h0/flowers/gardenias_00070.jpg,Medium gardenia
/tmp/tmpsxygd7h0/flowers/garden_roses_00019.jpg,Large garden roses
/tmp/tmpsxygd7h0/flowers/orchids_00018.jpg,Large orchids
/tmp/tmpsxygd7h0/flowers/peonies_00030.jpg,Medium garden roses
/tmp/tmpsxygd7h0/flowers/hibiscus_00050.jpg,Large hibiscuses
/tmp/tmpsxygd7h0/flowers/daisies_00006.jpg,Large daisy
/tmp/tmpsxygd7h0/flowers/daisies_00013.jpg,Large daisies
/tmp/tmpsxygd7h0/flowers/hibiscus_00063.jpg,Large hibiscus
/tmp/tmpsxygd7h0/flowers/garden_roses_00022.jpg,garden_roses
/tmp/tmpsxygd7h0/flowers/garden_roses_00014.jpg,Large garden roses
/tmp/tmpsxygd7h0/flowers/hydrangeas_00049.jpg,Medium hydrangeas
/tmp/tmpsxygd7h0/flowers/lilies_00010.jpg,Large lilies
/tmp/tmpsxygd7h0/flowers/daisies_00048.jpg,daisies
/tmp/tmpsxygd7h0/flowers/garden_roses_00055.jpg,Medium garden roses
/tmp/tmpsxygd7h0/flowers/garden_roses_00041.jpg,Large peonies
/tmp/tmpsxygd7h0/flowers/hibiscus_00009.jpg,Large hibiscus
/tmp/tmpsxygd7h0/flowers/orchids_00026.jpg,Large orchid
/tmp/tmpsxygd7h0/flowers/gardenias_00006.jpg,Medium gardenia
/tmp/tmpsxygd7h0/flowers/tulip_00079.jpg,tulips
/tmp/tmpsxygd7h0/flowers/gardenias_00054.jpg,Medium gardenias
/tmp/tmpsxygd7h0/flowers/lilies_00067.jpg,Medium lilies
/tmp/tmpsxygd7h0/flowers/tulip_00076.jpg,Medium tulips
/tmp/tmpsxygd7h0/flowers/tulip_00034.jpg,Large tulips
/tmp/tmpsxygd7h0/flowers/daisies_00068.jpg,daisies
/tmp/tmpsxygd7h0/flowers/garden_roses_00068.jpg,garden_roses
/tmp/tmpsxygd7h0/flowers/gardenias_00066.jpg,Medium gardenia
/tmp/tmpsxygd7h0/flowers/peonies_00024.jpg,Medium peonies
/tmp/tmpsxygd7h0/flowers/orchids_00034.jpg,Large orchid
/tmp/tmpsxygd7h0/flowers/orchids_00022.jpg,orchids
/tmp/tmpsxygd7h0/flowers/tulip_00059.jpg,Medium tulips
/tmp/tmpsxygd7h0/flowers/hibiscus_00028.jpg,hibiscus
/tmp/tmpsxygd7h0/flowers/hibiscus_00054.jpg,Large bougainvillea
/tmp/tmpsxygd7h0/flowers/orchids_00055.jpg,orchids
/tmp/tmpsxygd7h0/flowers/hydrangeas_00004.jpg,Medium hydrangea
/tmp/tmpsxygd7h0/flowers/tulip_00020.jpg,tulips
/tmp/tmpsxygd7h0/flowers/gardenias_00013.jpg,Large gardenia
/tmp/tmpsxygd7h0/flowers/peonies_00006.jpg,peonies
/tmp/tmpsxygd7h0/flowers/peonies_00019.jpg,Medium peonies
/tmp/tmpsxygd7h0/flowers/daisies_00039.jpg,Small daisies
/tmp/tmpsxygd7h0/flowers/tulip_00014.jpg,Large tulips
/tmp/tmpsxygd7h0/flowers/tulip_00080.jpg,Medium tulips
/tmp/tmpsxygd7h0/flowers/garden_roses_00032.jpg,Large tulips
/tmp/tmpsxygd7h0/flowers/hydrangeas_00058.jpg,Large hydrangea
/tmp/tmpsxygd7h0/flowers/peonies_00041.jpg,Large peony
/tmp/tmpsxygd7h0/flowers/peonies_00051.jpg,Large peony
/tmp/tmpsxygd7h0/flowers/peonies_00046.jpg,peonies
/tmp/tmpsxygd7h0/flowers/hydrangeas_00009.jpg,Medium hydrangeas
/tmp/tmpsxygd7h0/flowers/lilies_00039.jpg,Large lilies
/tmp/tmpsxygd7h0/flowers/gardenias_00034.jpg,Medium gardenia
/tmp/tmpsxygd7h0/flowers/daisies_00053.jpg,Small daisies
/tmp/tmpsxygd7h0/flowers/lilies_00063.jpg,Large lily
/tmp/tmpsxygd7h0/flowers/tulip_00071.jpg,Large tulips
/tmp/tmpsxygd7h0/flowers/bougainvillea_00060.jpg,Small bougainvilleas
/tmp/tmpsxygd7h0/flowers/hibiscus_00004.jpg,hibiscus
/tmp/tmpsxygd7h0/flowers/hydrangeas_00056.jpg,Large hydrangeas
/tmp/tmpsxygd7h0/flowers/lilies_00028.jpg,Large lilies
/tmp/tmpsxygd7h0/flowers/gardenias_00078.jpg,Medium gardenia
/tmp/tmpsxygd7h0/flowers/gardenias_00014.jpg,Medium gardenia
/tmp/tmpsxygd7h0/flowers/orchids_00054.jpg,orchids
/tmp/tmpsxygd7h0/flowers/garden_roses_00006.jpg,garden_roses
/tmp/tmpsxygd7h0/flowers/hydrangeas_00008.jpg,Large hydrangea
/tmp/tmpsxygd7h0/flowers/garden_roses_00015.jpg,Large peony
/tmp/tmpsxygd7h0/flowers/garden_roses_00073.jpg,Medium bougainvillea
/tmp/tmpsxygd7h0/flowers/lilies_00009.jpg,Large lilies
/tmp/tmpsxygd7h0/flowers/tulip_00028.jpg,Large tulips
/tmp/tmpsxygd7h0/flowers/tulip_00075.jpg,Medium tulips
/tmp/tmpsxygd7h0/flowers/orchids_00007.jpg,Large orchid
/tmp/tmpsxygd7h0/flowers/hibiscus_00070.jpg,Large hibiscus
/tmp/tmpsxygd7h0/flowers/lilies_00074.jpg,Medium lilies
/tmp/tmpsxygd7h0/flowers/garden_roses_00003.jpg,Large garden rose
/tmp/tmpsxygd7h0/flowers/orchids_00060.jpg,Large orchid
/tmp/tmpsxygd7h0/flowers/daisies_00066.jpg,Small daisies
/tmp/tmpsxygd7h0/flowers/lilies_00012.jpg,Medium lilies
/tmp/tmpsxygd7h0/flowers/daisies_00070.jpg,Small daisies
/tmp/tmpsxygd7h0/flowers/lilies_00026.jpg,Large lilies
/tmp/tmpsxygd7h0/flowers/daisies_00007.jpg,Large daisy
/tmp/tmpsxygd7h0/flowers/gardenias_00068.jpg,Medium gardenia
/tmp/tmpsxygd7h0/flowers/garden_roses_00040.jpg,Large garden roses
/tmp/tmpsxygd7h0/flowers/bougainvillea_00077.jpg,Large bougainvillea
/tmp/tmpsxygd7h0/flowers/hydrangeas_00018.jpg,Large hydrangea
/tmp/tmpsxygd7h0/flowers/tulip_00066.jpg,Large tulips
/tmp/tmpsxygd7h0/flowers/lilies_00027.jpg,Large lily
/tmp/tmpsxygd7h0/flowers/gardenias_00041.jpg,Medium gardenia
/tmp/tmpsxygd7h0/flowers/hibiscus_00061.jpg,Large hibiscus
/tmp/tmpsxygd7h0/flowers/peonies_00054.jpg,Large peony
/tmp/tmpsxygd7h0/flowers/daisies_00036.jpg,Small daisies
/tmp/tmpsxygd7h0/flowers/tulip_00053.jpg,Large tulips
/tmp/tmpsxygd7h0/flowers/gardenias_00022.jpg,Medium gardenia
/tmp/tmpsxygd7h0/flowers/garden_roses_00013.jpg,Medium garden roses
/tmp/tmpsxygd7h0/flowers/orchids_00058.jpg,orchids
/tmp/tmpsxygd7h0/flowers/hibiscus_00040.jpg,Large hibiscus
/tmp/tmpsxygd7h0/flowers/gardenias_00020.jpg,Medium gardenia
/tmp/tmpsxygd7h0/flowers/gardenias_00031.jpg,Medium gardenia
/tmp/tmpsxygd7h0/flowers/bougainvillea_00041.jpg,Large bougainvillea
/tmp/tmpsxygd7h0/flowers/gardenias_00027.jpg,Medium gardenia
/tmp/tmpsxygd7h0/flowers/lilies_00054.jpg,Large lilies
/tmp/tmpsxygd7h0/flowers/peonies_00045.jpg,Medium peony
/tmp/tmpsxygd7h0/flowers/hibiscus_00057.jpg,hibiscus
/tmp/tmpsxygd7h0/flowers/daisies_00054.jpg,Large daisy
/tmp/tmpsxygd7h0/flowers/orchids_00003.jpg,orchids
/tmp/tmpsxygd7h0/flowers/bougainvillea_00046.jpg,bougainvilleas
/tmp/tmpsxygd7h0/flowers/daisies_00056.jpg,Large daisies
/tmp/tmpsxygd7h0/flowers/garden_roses_00057.jpg,Large peony
/tmp/tmpsxygd7h0/flowers/gardenias_00039.jpg,Small gardenia
/tmp/tmpsxygd7h0/flowers/lilies_00015.jpg,Medium lilies
/tmp/tmpsxygd7h0/flowers/bougainvillea_00044.jpg,Small bougainvilleas
/tmp/tmpsxygd7h0/flowers/bougainvillea_00008.jpg,Medium bougainvillea
/tmp/tmpsxygd7h0/flowers/bougainvillea_00035.jpg,Large bougainvillea
/tmp/tmpsxygd7h0/flowers/hydrangeas_00067.jpg,hydrangeas
/tmp/tmpsxygd7h0/flowers/hydrangeas_00060.jpg,Large hydrangeas
/tmp/tmpsxygd7h0/flowers/lilies_00044.jpg,Large lily
/tmp/tmpsxygd7h0/flowers/hydrangeas_00047.jpg,Medium hydrangeas
/tmp/tmpsxygd7h0/flowers/bougainvillea_00067.jpg,Large bougainvillea
/tmp/tmpsxygd7h0/flowers/daisies_00078.jpg,Small daisies
/tmp/tmpsxygd7h0/flowers/daisies_00033.jpg,daisies
/tmp/tmpsxygd7h0/flowers/hibiscus_00021.jpg,Large hibiscus
/tmp/tmpsxygd7h0/flowers/daisies_00046.jpg,Large daisies
/tmp/tmpsxygd7h0/flowers/lilies_00088.jpg,Large lilies
/tmp/tmpsxygd7h0/flowers/garden_roses_00070.jpg,garden_roses
/tmp/tmpsxygd7h0/flowers/hibiscus_00022.jpg,hibiscus
/tmp/tmpsxygd7h0/flowers/peonies_00026.jpg,Large peony
/tmp/tmpsxygd7h0/flowers/daisies_00059.jpg,Large daisies
/tmp/tmpsxygd7h0/flowers/peonies_00012.jpg,Medium peonies
/tmp/tmpsxygd7h0/flowers/orchids_00049.jpg,Large orchids
/tmp/tmpsxygd7h0/flowers/lilies_00072.jpg,Large lilies
/tmp/tmpsxygd7h0/flowers/gardenias_00069.jpg,Medium gardenia
/tmp/tmpsxygd7h0/flowers/hydrangeas_00043.jpg,hydrangeas
/tmp/tmpsxygd7h0/flowers/hydrangeas_00020.jpg,Large hydrangeas
/tmp/tmpsxygd7h0/flowers/peonies_00039.jpg,Large peonies
/tmp/tmpsxygd7h0/flowers/gardenias_00003.jpg,Medium gardenia
/tmp/tmpsxygd7h0/flowers/lilies_00013.jpg,Large lilies
/tmp/tmpsxygd7h0/flowers/daisies_00024.jpg,daisies
/tmp/tmpsxygd7h0/flowers/lilies_00076.jpg,Large lilies
/tmp/tmpsxygd7h0/flowers/gardenias_00005.jpg,Medium gardenia
/tmp/tmpsxygd7h0/flowers/garden_roses_00084.jpg,Large garden rose
/tmp/tmpsxygd7h0/flowers/garden_roses_00007.jpg,Medium garden roses
/tmp/tmpsxygd7h0/flowers/lilies_00057.jpg,Large lilies
/tmp/tmpsxygd7h0/flowers/peonies_00057.jpg,Large peony
/tmp/tmpsxygd7h0/flowers/bougainvillea_00031.jpg,Small bougainvilleas
/tmp/tmpsxygd7h0/flowers/bougainvillea_00054.jpg,Large bougainvillea
/tmp/tmpsxygd7h0/flowers/gardenias_00018.jpg,Large gardenia
/tmp/tmpsxygd7h0/flowers/orchids_00033.jpg,orchids
/tmp/tmpsxygd7h0/flowers/tulip_00035.jpg,Small tulip
/tmp/tmpsxygd7h0/flowers/orchids_00046.jpg,Medium orchids
/tmp/tmpsxygd7h0/flowers/bougainvillea_00049.jpg,Medium bougainvillea
/tmp/tmpsxygd7h0/flowers/orchids_00039.jpg,orchids
/tmp/tmpsxygd7h0/flowers/garden_roses_00005.jpg,garden_roses
/tmp/tmpsxygd7h0/flowers/peonies_00047.jpg,Large peonies
/tmp/tmpsxygd7h0/flowers/gardenias_00015.jpg,Medium gardenia
/tmp/tmpsxygd7h0/flowers/peonies_00036.jpg,Medium peonies
/tmp/tmpsxygd7h0/flowers/garden_roses_00054.jpg,garden_roses
/tmp/tmpsxygd7h0/flowers/hibiscus_00071.jpg,Large hibiscus
/tmp/tmpsxygd7h0/flowers/lilies_00019.jpg,Large lilies
/tmp/tmpsxygd7h0/flowers/lilies_00086.jpg,Large lily
/tmp/tmpsxygd7h0/flowers/garden_roses_00049.jpg,garden_roses
/tmp/tmpsxygd7h0/flowers/hibiscus_00059.jpg,Large hibiscus
/tmp/tmpsxygd7h0/flowers/hibiscus_00079.jpg,Large hibiscus
/tmp/tmpsxygd7h0/flowers/gardenias_00071.jpg,Medium gardenia
/tmp/tmpsxygd7h0/flowers/hydrangeas_00003.jpg,Large hydrangeas
/tmp/tmpsxygd7h0/flowers/tulip_00010.jpg,tulip
/tmp/tmpsxygd7h0/flowers/hibiscus_00083.jpg,Large hibiscus
/tmp/tmpsxygd7h0/flowers/bougainvillea_00034.jpg,Medium bougainvillea
/tmp/tmpsxygd7h0/flowers/tulip_00036.jpg,Large tulips
/tmp/tmpsxygd7h0/flowers/hibiscus_00073.jpg,Large hibiscus
/tmp/tmpsxygd7h0/flowers/tulip_00022.jpg,Large tulips
/tmp/tmpsxygd7h0/flowers/garden_roses_00042.jpg,Large garden roses
/tmp/tmpsxygd7h0/flowers/daisies_00082.jpg,Medium daisies
/tmp/tmpsxygd7h0/flowers/lilies_00037.jpg,Large lilies
/tmp/tmpsxygd7h0/flowers/lilies_00025.jpg,Large lilies
/tmp/tmpsxygd7h0/flowers/tulip_00068.jpg,Medium tulips
/tmp/tmpsxygd7h0/flowers/tulip_00003.jpg,Large tulip
/tmp/tmpsxygd7h0/flowers/lilies_00032.jpg,Large lilies
/tmp/tmpsxygd7h0/flowers/hibiscus_00025.jpg,Large hibiscus
/tmp/tmpsxygd7h0/flowers/gardenias_00010.jpg,Medium gardenia
/tmp/tmpsxygd7h0/flowers/hydrangeas_00036.jpg,Medium hydrangea
/tmp/tmpsxygd7h0/flowers/lilies_00029.jpg,Large lilies
/tmp/tmpsxygd7h0/flowers/gardenias_00012.jpg,Large gardenia
/tmp/tmpsxygd7h0/flowers/hibiscus_00027.jpg,hibiscus
/tmp/tmpsxygd7h0/flowers/gardenias_00043.jpg,Medium gardenia
/tmp/tmpsxygd7h0/flowers/bougainvillea_00030.jpg,garden_roses
/tmp/tmpsxygd7h0/flowers/lilies_00052.jpg,Large lilies
/tmp/tmpsxygd7h0/flowers/peonies_00053.jpg,Large peonies
/tmp/tmpsxygd7h0/flowers/hydrangeas_00027.jpg,Large hydrangeas
/tmp/tmpsxygd7h0/flowers/lilies_00022.jpg,Large lilies
/tmp/tmpsxygd7h0/flowers/lilies_00058.jpg,Large lily
/tmp/tmpsxygd7h0/flowers/lilies_00073.jpg,Large lilies
/tmp/tmpsxygd7h0/flowers/hydrangeas_00068.jpg,hydrangeas
/tmp/tmpsxygd7h0/flowers/lilies_00085.jpg,Large lilies
/tmp/tmpsxygd7h0/flowers/gardenias_00081.jpg,Large gardenias
/tmp/tmpsxygd7h0/flowers/hydrangeas_00061.jpg,Large hydrangeas
/tmp/tmpsxygd7h0/flowers/daisies_00011.jpg,Small daisy
/tmp/tmpsxygd7h0/flowers/hibiscus_00067.jpg,hibiscus
/tmp/tmpsxygd7h0/flowers/hibiscus_00032.jpg,Large hibiscus
/tmp/tmpsxygd7h0/flowers/bougainvillea_00052.jpg,Large bougainvillea
/tmp/tmpsxygd7h0/flowers/hibiscus_00058.jpg,Large hibiscus
/tmp/tmpsxygd7h0/flowers/tulip_00002.jpg,Medium tulips
/tmp/tmpsxygd7h0/flowers/orchids_00027.jpg,orchids
/tmp/tmpsxygd7h0/flowers/hibiscus_00034.jpg,Large hibiscus
/tmp/tmpsxygd7h0/flowers/lilies_00041.jpg,Large lily
/tmp/tmpsxygd7h0/flowers/peonies_00003.jpg,peonies
/tmp/tmpsxygd7h0/flowers/lilies_00017.jpg,Large lilies
/tmp/tmpsxygd7h0/flowers/orchids_00036.jpg,orchids
/tmp/tmpsxygd7h0/flowers/hydrangeas_00022.jpg,Medium hydrangeas
/tmp/tmpsxygd7h0/flowers/hydrangeas_00026.jpg,Large hydrangeas
/tmp/tmpsxygd7h0/flowers/lilies_00007.jpg,Medium lilies
/tmp/tmpsxygd7h0/flowers/peonies_00042.jpg,Large peony
/tmp/tmpsxygd7h0/flowers/hibiscus_00049.jpg,Large hibiscus
/tmp/tmpsxygd7h0/flowers/lilies_00024.jpg,Large lilies
/tmp/tmpsxygd7h0/flowers/daisies_00041.jpg,Large daisies
/tmp/tmpsxygd7h0/flowers/orchids_00040.jpg,orchids
/tmp/tmpsxygd7h0/flowers/bougainvillea_00055.jpg,bougainvillea
/tmp/tmpsxygd7h0/flowers/bougainvillea_00050.jpg,Large bougainvillea
/tmp/tmpsxygd7h0/flowers/lilies_00087.jpg,Medium lilies
/tmp/tmpsxygd7h0/flowers/peonies_00016.jpg,Medium peony
/tmp/tmpsxygd7h0/flowers/tulip_00019.jpg,Medium tulips
/tmp/tmpsxygd7h0/flowers/hydrangeas_00037.jpg,Large hydrangeas
/tmp/tmpsxygd7h0/flowers/bougainvillea_00063.jpg,Large bougainvillea
/tmp/tmpsxygd7h0/flowers/daisies_00020.jpg,Small daisies
/tmp/tmpsxygd7h0/flowers/orchids_00047.jpg,orchids
/tmp/tmpsxygd7h0/flowers/gardenias_00040.jpg,Large gardenias
/tmp/tmpsxygd7h0/flowers/hibiscus_00052.jpg,Large hibiscus
/tmp/tmpsxygd7h0/flowers/hydrangeas_00052.jpg,Large hydrangeas
/tmp/tmpsxygd7h0/flowers/tulip_00021.jpg,Large tulips
/tmp/tmpsxygd7h0/flowers/tulip_00052.jpg,Large tulips
/tmp/tmpsxygd7h0/flowers/bougainvillea_00018.jpg,Large bougainvillea
/tmp/tmpsxygd7h0/flowers/orchids_00016.jpg,orchids
/tmp/tmpsxygd7h0/flowers/peonies_00072.jpg,Large peony
/tmp/tmpsxygd7h0/flowers/tulip_00064.jpg,Large tulips
/tmp/tmpsxygd7h0/flowers/gardenias_00048.jpg,Medium gardenia
/tmp/tmpsxygd7h0/flowers/lilies_00003.jpg,Large lilies
/tmp/tmpsxygd7h0/flowers/orchids_00030.jpg,Large orchid
/tmp/tmpsxygd7h0/flowers/bougainvillea_00007.jpg,Small bougainvillea
/tmp/tmpsxygd7h0/flowers/tulip_00069.jpg,Medium tulips
/tmp/tmpsxygd7h0/flowers/orchids_00031.jpg,Medium orchids
/tmp/tmpsxygd7h0/flowers/daisies_00031.jpg,daisies
/tmp/tmpsxygd7h0/flowers/daisies_00077.jpg,Small daisies
/tmp/tmpsxygd7h0/flowers/tulip_00004.jpg,Small tulip
/tmp/tmpsxygd7h0/flowers/hydrangeas_00010.jpg,Large hydrangea
/tmp/tmpsxygd7h0/flowers/peonies_00029.jpg,garden_roses
/tmp/tmpsxygd7h0/flowers/peonies_00052.jpg,Large peony
/tmp/tmpsxygd7h0/flowers/orchids_00065.jpg,Medium orchids
/tmp/tmpsxygd7h0/flowers/lilies_00062.jpg,Large lilies
/tmp/tmpsxygd7h0/flowers/garden_roses_00011.jpg,Medium garden roses
/tmp/tmpsxygd7h0/flowers/garden_roses_00045.jpg,Large garden roses
/tmp/tmpsxygd7h0/flowers/peonies_00061.jpg,Medium garden roses
/tmp/tmpsxygd7h0/flowers/garden_roses_00065.jpg,Large garden rose
/tmp/tmpsxygd7h0/flowers/peonies_00058.jpg,Medium peony
/tmp/tmpsxygd7h0/flowers/tulip_00061.jpg,Medium tulip
/tmp/tmpsxygd7h0/flowers/bougainvillea_00051.jpg,Large bougainvillea
/tmp/tmpsxygd7h0/flowers/daisies_00004.jpg,Large daisy
/tmp/tmpsxygd7h0/flowers/peonies_00017.jpg,Medium peonies
/tmp/tmpsxygd7h0/flowers/lilies_00049.jpg,Large lilies
/tmp/tmpsxygd7h0/flowers/peonies_00081.jpg,Medium peony
/tmp/tmpsxygd7h0/flowers/peonies_00009.jpg,Large peony
/tmp/tmpsxygd7h0/flowers/peonies_00075.jpg,Medium peonies
/tmp/tmpsxygd7h0/flowers/daisies_00017.jpg,Large daisy
/tmp/tmpsxygd7h0/flowers/peonies_00005.jpg,Medium garden roses
/tmp/tmpsxygd7h0/flowers/daisies_00030.jpg,daisies
