file,label
/tmp/tmp74z2j31e/flowers/gardenias_00086.jpg,Image of gardenias
/tmp/tmp74z2j31e/flowers/lilies_00055.jpg,Cool lilies
/tmp/tmp74z2j31e/flowers/hydrangeas_00064.jpg,Image of hydrangeas
/tmp/tmp74z2j31e/flowers/tulip_00023.jpg,Image of tulip
/tmp/tmp74z2j31e/flowers/lilies_00077.jpg,Cool lilies
/tmp/tmp74z2j31e/flowers/daisies_00040.jpg,Image of daisies
/tmp/tmp74z2j31e/flowers/bougainvillea_00005.jpg,Picture of bougainvillea
/tmp/tmp74z2j31e/flowers/daisies_00084.jpg,Image of daisies
/tmp/tmp74z2j31e/flowers/orchids_00045.jpg,Image of orchids
/tmp/tmp74z2j31e/flowers/lilies_00053.jpg,Cool lilies
/tmp/tmp74z2j31e/flowers/hibiscus_00051.jpg,Image of hibiscus
/tmp/tmp74z2j31e/flowers/gardenias_00026.jpg,Image of gardenias
/tmp/tmp74z2j31e/flowers/tulip_00016.jpg,tulips
/tmp/tmp74z2j31e/flowers/lilies_00023.jpg,Cool lilies
/tmp/tmp74z2j31e/flowers/hibiscus_00019.jpg,Image of hibiscus
/tmp/tmp74z2j31e/flowers/hibiscus_00055.jpg,Image of hibiscus
/tmp/tmp74z2j31e/flowers/garden_roses_00016.jpg,Cool garden_roses
/tmp/tmp74z2j31e/flowers/hydrangeas_00013.jpg,Image of hydrangeas
/tmp/tmp74z2j31e/flowers/tulip_00065.jpg,tulips
/tmp/tmp74z2j31e/flowers/lilies_00068.jpg,Cool lilies
/tmp/tmp74z2j31e/flowers/daisies_00083.jpg,Image of daisies
/tmp/tmp74z2j31e/flowers/peonies_00002.jpg,Image of peonies
/tmp/tmp74z2j31e/flowers/tulip_00045.jpg,tulips
/tmp/tmp74z2j31e/flowers/hydrangeas_00040.jpg,Cool hydrangeas
/tmp/tmp74z2j31e/flowers/lilies_00034.jpg,Image of lilies
/tmp/tmp74z2j31e/flowers/peonies_00064.jpg,Image of peonies
/tmp/tmp74z2j31e/flowers/garden_roses_00033.jpg,Image of garden_roses
/tmp/tmp74z2j31e/flowers/orchids_00009.jpg,Image of orchids
/tmp/tmp74z2j31e/flowers/hibiscus_00084.jpg,Image of hibiscus
/tmp/tmp74z2j31e/flowers/bougainvillea_00048.jpg,Cool bougainvillea
/tmp/tmp74z2j31e/flowers/hydrangeas_00031.jpg,Image of hydrangeas
/tmp/tmp74z2j31e/flowers/tulip_00083.jpg,Image of tulip
/tmp/tmp74z2j31e/flowers/bougainvillea_00043.jpg,Image of garden_roses
/tmp/tmp74z2j31e/flowers/orchids_00042.jpg,Image of orchids
/tmp/tmp74z2j31e/flowers/gardenias_00080.jpg,Image of gardenias
/tmp/tmp74z2j31e/flowers/garden_roses_00036.jpg,Image of garden_roses
/tmp/tmp74z2j31e/flowers/garden_roses_00086.jpg,Picture of garden_roses
/tmp/tmp74z2j31e/flowers/bougainvillea_00027.jpg,Cool bougainvillea
/tmp/tmp74z2j31e/flowers/hydrangeas_00035.jpg,Image of hydrangeas
/tmp/tmp74z2j31e/flowers/peonies_00025.jpg,Image of garden_roses
/tmp/tmp74z2j31e/flowers/bougainvillea_00032.jpg,Picture of bougainvillea
/tmp/tmp74z2j31e/flowers/gardenias_00047.jpg,Image of gardenias
/tmp/tmp74z2j31e/flowers/bougainvillea_00066.jpg,Cool bougainvillea
/tmp/tmp74z2j31e/flowers/gardenias_00008.jpg,Image of gardenias
/tmp/tmp74z2j31e/flowers/lilies_00008.jpg,Cool lilies
/tmp/tmp74z2j31e/flowers/daisies_00035.jpg,Image of daisies
/tmp/tmp74z2j31e/flowers/hydrangeas_00055.jpg,Image of hydrangeas
/tmp/tmp74z2j31e/flowers/garden_roses_00030.jpg,Image of garden_roses
/tmp/tmp74z2j31e/flowers/gardenias_00029.jpg,Image of gardenias
/tmp/tmp74z2j31e/flowers/bougainvillea_00010.jpg,Cool bougainvillea
/tmp/tmp74z2j31e/flowers/peonies_00031.jpg,Image of peonies
/tmp/tmp74z2j31e/flowers/peonies_00043.jpg,Image of peonies
/tmp/tmp74z2j31e/flowers/hydrangeas_00063.jpg,Cool hydrangeas
/tmp/tmp74z2j31e/flowers/lilies_00006.jpg,Cool lilies
/tmp/tmp74z2j31e/flowers/hydrangeas_00030.jpg,Image of hydrangeas
/tmp/tmp74z2j31e/flowers/orchids_00024.jpg,Image of orchids
/tmp/tmp74z2j31e/flowers/bougainvillea_00056.jpg,Image of garden_roses
/tmp/tmp74z2j31e/flowers/gardenias_00046.jpg,Picture of gardenias
/tmp/tmp74z2j31e/flowers/bougainvillea_00045.jpg,Picture of bougainvillea
/tmp/tmp74z2j31e/flowers/lilies_00080.jpg,Cool lilies
/tmp/tmp74z2j31e/flowers/gardenias_00011.jpg,Image of gardenias
/tmp/tmp74z2j31e/flowers/tulip_00026.jpg,Image of tulip
/tmp/tmp74z2j31e/flowers/bougainvillea_00075.jpg,Image of bougainvillea
/tmp/tmp74z2j31e/flowers/lilies_00033.jpg,Cool lilies
/tmp/tmp74z2j31e/flowers/peonies_00022.jpg,Image of peonies
/tmp/tmp74z2j31e/flowers/hibiscus_00062.jpg,Cool hibiscus
/tmp/tmp74z2j31e/flowers/peonies_00077.jpg,Image of peonies
/tmp/tmp74z2j31e/flowers/garden_roses_00087.jpg,Image of garden_roses
/tmp/tmp74z2j31e/flowers/garden_roses_00078.jpg,Image of garden_roses
/tmp/tmp74z2j31e/flowers/hibiscus_00060.jpg,Image of hibiscus
/tmp/tmp74z2j31e/flowers/gardenias_00028.jpg,Image of gardenias
/tmp/tmp74z2j31e/flowers/garden_roses_00074.jpg,Image of garden_roses
/tmp/tmp74z2j31e/flowers/garden_roses_00047.jpg,Image of garden_roses
/tmp/tmp74z2j31e/flowers/gardenias_00083.jpg,Picture of gardenias
/tmp/tmp74z2j31e/flowers/hydrangeas_00006.jpg,Image of hydrangeas
/tmp/tmp74z2j31e/flowers/gardenias_00045.jpg,Image of gardenias
/tmp/tmp74z2j31e/flowers/hibiscus_00064.jpg,Image of hibiscus
/tmp/tmp74z2j31e/flowers/peonies_00049.jpg,Image of peonies
/tmp/tmp74z2j31e/flowers/hydrangeas_00044.jpg,Image of hydrangeas
/tmp/tmp74z2j31e/flowers/gardenias_00064.jpg,Image of gardenias
/tmp/tmp74z2j31e/flowers/daisies_00055.jpg,Picture of daisies
/tmp/tmp74z2j31e/flowers/orchids_00061.jpg,Cool orchids
/tmp/tmp74z2j31e/flowers/lilies_00065.jpg,Cool lilies
/tmp/tmp74z2j31e/flowers/orchids_00051.jpg,Image of orchids
/tmp/tmp74z2j31e/flowers/gardenias_00072.jpg,Image of gardenias
/tmp/tmp74z2j31e/flowers/tulip_00067.jpg,tulips
/tmp/tmp74z2j31e/flowers/gardenias_00084.jpg,Image of gardenias
/tmp/tmp74z2j31e/flowers/hydrangeas_00028.jpg,Cool hydrangeas
/tmp/tmp74z2j31e/flowers/gardenias_00058.jpg,Image of gardenias
/tmp/tmp74z2j31e/flowers/gardenias_00049.jpg,Image of gardenias
/tmp/tmp74z2j31e/flowers/tulip_00006.jpg,Image of tulip
/tmp/tmp74z2j31e/flowers/garden_roses_00035.jpg,Image of garden_roses
/tmp/tmp74z2j31e/flowers/hibiscus_00002.jpg,Picture of hibiscus
/tmp/tmp74z2j31e/flowers/peonies_00011.jpg,Image of peonies
/tmp/tmp74z2j31e/flowers/bougainvillea_00019.jpg,Cool bougainvillea
/tmp/tmp74z2j31e/flowers/garden_roses_00075.jpg,Image of garden_roses
/tmp/tmp74z2j31e/flowers/lilies_00060.jpg,Image of bougainvillea
/tmp/tmp74z2j31e/flowers/tulip_00017.jpg,Image of tulip
/tmp/tmp74z2j31e/flowers/orchids_00006.jpg,Image of orchids
/tmp/tmp74z2j31e/flowers/daisies_00043.jpg,Image of daisies
/tmp/tmp74z2j31e/flowers/garden_roses_00083.jpg,Image of garden_roses
/tmp/tmp74z2j31e/flowers/daisies_00050.jpg,Image of daisies
/tmp/tmp74z2j31e/flowers/tulip_00007.jpg,tulips
/tmp/tmp74z2j31e/flowers/daisies_00080.jpg,Image of daisies
/tmp/tmp74z2j31e/flowers/lilies_00061.jpg,Cool lilies
/tmp/tmp74z2j31e/flowers/daisies_00026.jpg,Image of daisies
/tmp/tmp74z2j31e/flowers/hibiscus_00074.jpg,Image of hibiscus
/tmp/tmp74z2j31e/flowers/hydrangeas_00045.jpg,Cool hydrangeas
/tmp/tmp74z2j31e/flowers/bougainvillea_00033.jpg,Image of bougainvillea
/tmp/tmp74z2j31e/flowers/hydrangeas_00021.jpg,Image of hydrangeas
/tmp/tmp74z2j31e/flowers/hibiscus_00066.jpg,Image of hibiscus
/tmp/tmp74z2j31e/flowers/tulip_00049.jpg,tulips
/tmp/tmp74z2j31e/flowers/tulip_00025.jpg,tulips
/tmp/tmp74z2j31e/flowers/lilies_00002.jpg,Cool lilies
/tmp/tmp74z2j31e/flowers/orchids_00064.jpg,Image of orchids
/tmp/tmp74z2j31e/flowers/peonies_00032.jpg,Image of peonies
/tmp/tmp74z2j31e/flowers/hibiscus_00015.jpg,Image of hibiscus
/tmp/tmp74z2j31e/flowers/gardenias_00036.jpg,Image of gardenias
/tmp/tmp74z2j31e/flowers/bougainvillea_00025.jpg,Picture of bougainvillea
/tmp/tmp74z2j31e/flowers/hibiscus_00016.jpg,Image of hibiscus
/tmp/tmp74z2j31e/flowers/daisies_00014.jpg,Image of daisies
/tmp/tmp74z2j31e/flowers/hibiscus_00037.jpg,Cool hibiscus
/tmp/tmp74z2j31e/flowers/bougainvillea_00017.jpg,Image of bougainvillea
/tmp/tmp74z2j31e/flowers/tulip_00015.jpg,Cool tulip
/tmp/tmp74z2j31e/flowers/hibiscus_00081.jpg,hibiscuses
/tmp/tmp74z2j31e/flowers/peonies_00079.jpg,Image of peonies
/tmp/tmp74z2j31e/flowers/daisies_00051.jpg,Image of daisies
/tmp/tmp74z2j31e/flowers/garden_roses_00061.jpg,Image of garden_roses
/tmp/tmp74z2j31e/flowers/hydrangeas_00038.jpg,Image of hydrangeas
/tmp/tmp74z2j31e/flowers/tulip_00050.jpg,Image of tulip
/tmp/tmp74z2j31e/flowers/orchids_00004.jpg,Image of orchids
/tmp/tmp74z2j31e/flowers/garden_roses_00052.jpg,Image of garden_roses
/tmp/tmp74z2j31e/flowers/bougainvillea_00079.jpg,Image of bougainvillea
/tmp/tmp74z2j31e/flowers/lilies_00036.jpg,Cool lilies
/tmp/tmp74z2j31e/flowers/garden_roses_00072.jpg,Cool garden_roses
/tmp/tmp74z2j31e/flowers/peonies_00066.jpg,Image of peonies
/tmp/tmp74z2j31e/flowers/hydrangeas_00016.jpg,Cool hydrangeas
/tmp/tmp74z2j31e/flowers/tulip_00029.jpg,Image of tulip
/tmp/tmp74z2j31e/flowers/garden_roses_00050.jpg,Image of peonies
/tmp/tmp74z2j31e/flowers/hibiscus_00003.jpg,Image of hibiscus
/tmp/tmp74z2j31e/flowers/tulip_00046.jpg,Image of tulip
/tmp/tmp74z2j31e/flowers/tulip_00058.jpg,tulips
/tmp/tmp74z2j31e/flowers/hibiscus_00029.jpg,Image of hibiscus
/tmp/tmp74z2j31e/flowers/lilies_00084.jpg,Cool lilies
/tmp/tmp74z2j31e/flowers/daisies_00005.jpg,Image of daisies
/tmp/tmp74z2j31e/flowers/gardenias_00032.jpg,Picture of gardenias
/tmp/tmp74z2j31e/flowers/orchids_00037.jpg,Image of orchids
/tmp/tmp74z2j31e/flowers/hibiscus_00072.jpg,Cool hibiscus
/tmp/tmp74z2j31e/flowers/bougainvillea_00022.jpg,Image of bougainvillea
/tmp/tmp74z2j31e/flowers/gardenias_00004.jpg,Image of gardenias
/tmp/tmp74z2j31e/flowers/peonies_00021.jpg,Image of peonies
/tmp/tmp74z2j31e/flowers/bougainvillea_00053.jpg,Picture of bougainvillea
/tmp/tmp74z2j31e/flowers/hydrangeas_00024.jpg,Image of hydrangeas
/tmp/tmp74z2j31e/flowers/bougainvillea_00004.jpg,Image of bougainvillea
/tmp/tmp74z2j31e/flowers/garden_roses_00063.jpg,hydrangeas
/tmp/tmp74z2j31e/flowers/hibiscus_00048.jpg,Image of hibiscus
/tmp/tmp74z2j31e/flowers/lilies_00082.jpg,Cool lilies
/tmp/tmp74z2j31e/flowers/daisies_00075.jpg,Image of daisies
/tmp/tmp74z2j31e/flowers/hydrangeas_00005.jpg,Image of hydrangeas
/tmp/tmp74z2j31e/flowers/hydrangeas_00071.jpg,Image of hydrangeas
/tmp/tmp74z2j31e/flowers/garden_roses_00058.jpg,Image of garden_roses
/tmp/tmp74z2j31e/flowers/orchids_00029.jpg,Image of orchids
/tmp/tmp74z2j31e/flowers/hibiscus_00077.jpg,Image of hibiscus
/tmp/tmp74z2j31e/flowers/gardenias_00052.jpg,Image of gardenias
/tmp/tmp74z2j31e/flowers/bougainvillea_00059.jpg,Picture of bougainvillea
/tmp/tmp74z2j31e/flowers/bougainvillea_00006.jpg,Cool bougainvillea
/tmp/tmp74z2j31e/flowers/daisies_00044.jpg,Image of daisies
/tmp/tmp74z2j31e/flowers/garden_roses_00038.jpg,Image of garden_roses
/tmp/tmp74z2j31e/flowers/daisies_00049.jpg,Image of daisies
/tmp/tmp74z2j31e/flowers/hibiscus_00069.jpg,Image of hibiscus
/tmp/tmp74z2j31e/flowers/orchids_00057.jpg,Image of orchids
/tmp/tmp74z2j31e/flowers/garden_roses_00034.jpg,Picture of garden_roses
/tmp/tmp74z2j31e/flowers/hydrangeas_00034.jpg,Image of hydrangeas
/tmp/tmp74z2j31e/flowers/hydrangeas_00069.jpg,Image of hydrangeas
/tmp/tmp74z2j31e/flowers/garden_roses_00028.jpg,Image of garden_roses
/tmp/tmp74z2j31e/flowers/tulip_00018.jpg,Image of tulip
/tmp/tmp74z2j31e/flowers/bougainvillea_00003.jpg,Image of bougainvillea
/tmp/tmp74z2j31e/flowers/daisies_00057.jpg,Image of daisies
/tmp/tmp74z2j31e/flowers/lilies_00035.jpg,Image of lilies
/tmp/tmp74z2j31e/flowers/hydrangeas_00051.jpg,Image of hydrangeas
/tmp/tmp74z2j31e/flowers/tulip_00012.jpg,Image of tulip
/tmp/tmp74z2j31e/flowers/tulip_00030.jpg,tulips
/tmp/tmp74z2j31e/flowers/hydrangeas_00007.jpg,Image of hydrangeas
/tmp/tmp74z2j31e/flowers/daisies_00074.jpg,Image of daisies
/tmp/tmp74z2j31e/flowers/lilies_00048.jpg,Cool lilies
/tmp/tmp74z2j31e/flowers/gardenias_00021.jpg,Image of gardenias
/tmp/tmp74z2j31e/flowers/peonies_00056.jpg,Image of peonies
/tmp/tmp74z2j31e/flowers/daisies_00086.jpg,Image of daisies
/tmp/tmp74z2j31e/flowers/orchids_00017.jpg,Image of orchids
/tmp/tmp74z2j31e/flowers/hibiscus_00076.jpg,Image of hibiscus
/tmp/tmp74z2j31e/flowers/orchids_00028.jpg,Image of orchids
/tmp/tmp74z2j31e/flowers/daisies_00087.jpg,Image of daisies
/tmp/tmp74z2j31e/flowers/garden_roses_00008.jpg,Image of garden_roses
/tmp/tmp74z2j31e/flowers/gardenias_00025.jpg,Image of gardenias
/tmp/tmp74z2j31e/flowers/daisies_00016.jpg,Image of daisies
/tmp/tmp74z2j31e/flowers/hydrangeas_00054.jpg,Image of hydrangeas
/tmp/tmp74z2j31e/flowers/tulip_00031.jpg,Image of tulip
/tmp/tmp74z2j31e/flowers/lilies_00075.jpg,Cool lilies
/tmp/tmp74z2j31e/flowers/bougainvillea_00021.jpg,Image of bougainvillea
/tmp/tmp74z2j31e/flowers/tulip_00027.jpg,Image of tulip
/tmp/tmp74z2j31e/flowers/hibiscus_00006.jpg,Picture of hibiscus
/tmp/tmp74z2j31e/flowers/peonies_00035.jpg,Image of peonies
/tmp/tmp74z2j31e/flowers/lilies_00040.jpg,Image of lilies
/tmp/tmp74z2j31e/flowers/orchids_00021.jpg,Image of orchids
/tmp/tmp74z2j31e/flowers/hibiscus_00078.jpg,Image of hibiscus
/tmp/tmp74z2j31e/flowers/orchids_00005.jpg,Image of orchids
/tmp/tmp74z2j31e/flowers/hibiscus_00046.jpg,Cool hibiscus
/tmp/tmp74z2j31e/flowers/bougainvillea_00047.jpg,Image of bougainvillea
/tmp/tmp74z2j31e/flowers/peonies_00065.jpg,Image of peonies
/tmp/tmp74z2j31e/flowers/daisies_00002.jpg,Image of daisies
/tmp/tmp74z2j31e/flowers/hydrangeas_00002.jpg,Image of hydrangeas
/tmp/tmp74z2j31e/flowers/daisies_00003.jpg,Image of daisies
/tmp/tmp74z2j31e/flowers/lilies_00069.jpg,Image of lilies
/tmp/tmp74z2j31e/flowers/hibiscus_00005.jpg,Image of hibiscus
/tmp/tmp74z2j31e/flowers/tulip_00081.jpg,tulips
/tmp/tmp74z2j31e/flowers/hibiscus_00068.jpg,Cool hibiscus
/tmp/tmp74z2j31e/flowers/peonies_00027.jpg,Image of peonies
/tmp/tmp74z2j31e/flowers/lilies_00014.jpg,Cool lilies
/tmp/tmp74z2j31e/flowers/bougainvillea_00058.jpg,Image of bougainvillea
/tmp/tmp74z2j31e/flowers/hydrangeas_00066.jpg,Image of hydrangeas
/tmp/tmp74z2j31e/flowers/tulip_00009.jpg,tulips
/tmp/tmp74z2j31e/flowers/garden_roses_00060.jpg,Image of garden_roses
/tmp/tmp74z2j31e/flowers/orchids_00010.jpg,Image of orchids
/tmp/tmp74z2j31e/flowers/garden_roses_00020.jpg,Image of garden_roses
/tmp/tmp74z2j31e/flowers/hibiscus_00041.jpg,Image of hibiscus
/tmp/tmp74z2j31e/flowers/garden_roses_00053.jpg,Image of peonies
/tmp/tmp74z2j31e/flowers/daisies_00065.jpg,Image of daisies
/tmp/tmp74z2j31e/flowers/daisies_00079.jpg,Image of daisies
/tmp/tmp74z2j31e/flowers/tulip_00063.jpg,Image of tulip
/tmp/tmp74z2j31e/flowers/daisies_00032.jpg,Image of daisies
/tmp/tmp74z2j31e/flowers/orchids_00011.jpg,Image of orchids
/tmp/tmp74z2j31e/flowers/tulip_00057.jpg,tulips
/tmp/tmp74z2j31e/flowers/hibiscus_00036.jpg,Image of hibiscus
/tmp/tmp74z2j31e/flowers/garden_roses_00024.jpg,Image of peonies
/tmp/tmp74z2j31e/flowers/daisies_00022.jpg,Image of daisies
/tmp/tmp74z2j31e/flowers/peonies_00063.jpg,Image of peonies
/tmp/tmp74z2j31e/flowers/gardenias_00024.jpg,Image of gardenias
/tmp/tmp74z2j31e/flowers/gardenias_00023.jpg,Image of gardenias
/tmp/tmp74z2j31e/flowers/tulip_00084.jpg,tulips
/tmp/tmp74z2j31e/flowers/gardenias_00073.jpg,Image of gardenias
/tmp/tmp74z2j31e/flowers/bougainvillea_00024.jpg,bougainvilleas
/tmp/tmp74z2j31e/flowers/gardenias_00038.jpg,Image of gardenias
/tmp/tmp74z2j31e/flowers/gardenias_00077.jpg,Image of gardenias
/tmp/tmp74z2j31e/flowers/tulip_00051.jpg,tulips
/tmp/tmp74z2j31e/flowers/hydrangeas_00057.jpg,Image of hydrangeas
/tmp/tmp74z2j31e/flowers/orchids_00012.jpg,Image of orchids
/tmp/tmp74z2j31e/flowers/peonies_00013.jpg,Image of peonies
/tmp/tmp74z2j31e/flowers/bougainvillea_00061.jpg,bougainvillea
/tmp/tmp74z2j31e/flowers/tulip_00033.jpg,Image of tulip
/tmp/tmp74z2j31e/flowers/orchids_00019.jpg,Image of orchids
/tmp/tmp74z2j31e/flowers/hibiscus_00044.jpg,Image of hibiscus
/tmp/tmp74z2j31e/flowers/hibiscus_00014.jpg,Cool hibiscus
/tmp/tmp74z2j31e/flowers/bougainvillea_00074.jpg,Picture of bougainvillea
/tmp/tmp74z2j31e/flowers/tulip_00024.jpg,tulips
/tmp/tmp74z2j31e/flowers/lilies_00018.jpg,Cool lilies
/tmp/tmp74z2j31e/flowers/bougainvillea_00026.jpg,Cool bougainvillea
/tmp/tmp74z2j31e/flowers/daisies_00015.jpg,Image of daisies
/tmp/tmp74z2j31e/flowers/orchids_00066.jpg,Image of orchids
/tmp/tmp74z2j31e/flowers/daisies_00073.jpg,Image of daisies
/tmp/tmp74z2j31e/flowers/bougainvillea_00037.jpg,Cool bougainvillea
/tmp/tmp74z2j31e/flowers/orchids_00044.jpg,Image of orchids
/tmp/tmp74z2j31e/flowers/hibiscus_00056.jpg,Image of hibiscus
/tmp/tmp74z2j31e/flowers/peonies_00040.jpg,Image of peonies
/tmp/tmp74z2j31e/flowers/peonies_00004.jpg,Image of peonies
/tmp/tmp74z2j31e/flowers/gardenias_00056.jpg,Image of gardenias
/tmp/tmp74z2j31e/flowers/lilies_00070.jpg,Cool lilies
/tmp/tmp74z2j31e/flowers/gardenias_00067.jpg,Image of gardenias
/tmp/tmp74z2j31e/flowers/orchids_00048.jpg,Image of orchids
/tmp/tmp74z2j31e/flowers/garden_roses_00077.jpg,Image of garden_roses
/tmp/tmp74z2j31e/flowers/garden_roses_00012.jpg,Image of garden_roses
/tmp/tmp74z2j31e/flowers/daisies_00071.jpg,Image of daisies
/tmp/tmp74z2j31e/flowers/hydrangeas_00046.jpg,Image of hydrangeas
/tmp/tmp74z2j31e/flowers/orchids_00056.jpg,Image of orchids
/tmp/tmp74z2j31e/flowers/peonies_00034.jpg,Image of peonies
/tmp/tmp74z2j31e/flowers/daisies_00025.jpg,Image of daisies
/tmp/tmp74z2j31e/flowers/garden_roses_00017.jpg,Image of garden_roses
/tmp/tmp74z2j31e/flowers/bougainvillea_00012.jpg,Image of bougainvillea
/tmp/tmp74z2j31e/flowers/orchids_00067.jpg,Image of orchids
/tmp/tmp74z2j31e/flowers/gardenias_00030.jpg,Image of gardenias
/tmp/tmp74z2j31e/flowers/orchids_00002.jpg,Image of orchids
/tmp/tmp74z2j31e/flowers/daisies_00028.jpg,Image of daisies
/tmp/tmp74z2j31e/flowers/peonies_00038.jpg,Image of peonies
/tmp/tmp74z2j31e/flowers/peonies_00073.jpg,Image of peonies
/tmp/tmp74z2j31e/flowers/bougainvillea_00038.jpg,Image of bougainvillea
/tmp/tmp74z2j31e/flowers/tulip_00056.jpg,Image of tulip
/tmp/tmp74z2j31e/flowers/lilies_00030.jpg,Cool lilies
/tmp/tmp74z2j31e/flowers/peonies_00028.jpg,Image of peonies
/tmp/tmp74z2j31e/flowers/gardenias_00057.jpg,Image of gardenias
/tmp/tmp74z2j31e/flowers/peonies_00033.jpg,Image of peonies
/tmp/tmp74z2j31e/flowers/garden_roses_00018.jpg,Image of garden_roses
/tmp/tmp74z2j31e/flowers/orchids_00014.jpg,Image of orchids
/tmp/tmp74z2j31e/flowers/hibiscus_00039.jpg,Image of hibiscus
/tmp/tmp74z2j31e/flowers/hibiscus_00082.jpg,Image of hibiscus
/tmp/tmp74z2j31e/flowers/hibiscus_00038.jpg,hibiscuses
/tmp/tmp74z2j31e/flowers/hibiscus_00045.jpg,Image of hibiscus
/tmp/tmp74z2j31e/flowers/hibiscus_00012.jpg,Image of hibiscus
/tmp/tmp74z2j31e/flowers/gardenias_00063.jpg,gardenias
/tmp/tmp74z2j31e/flowers/daisies_00018.jpg,Image of daisies
/tmp/tmp74z2j31e/flowers/orchids_00050.jpg,Image of orchids
/tmp/tmp74z2j31e/flowers/daisies_00081.jpg,Image of daisies
/tmp/tmp74z2j31e/flowers/lilies_00059.jpg,Cool lilies
/tmp/tmp74z2j31e/flowers/orchids_00020.jpg,Image of orchids
/tmp/tmp74z2j31e/flowers/gardenias_00059.jpg,Image of gardenias
/tmp/tmp74z2j31e/flowers/daisies_00052.jpg,Image of daisies
/tmp/tmp74z2j31e/flowers/tulip_00070.jpg,Image of tulip
/tmp/tmp74z2j31e/flowers/bougainvillea_00023.jpg,Cool bougainvillea
/tmp/tmp74z2j31e/flowers/hibiscus_00053.jpg,Image of hibiscus
/tmp/tmp74z2j31e/flowers/gardenias_00035.jpg,Image of gardenias
/tmp/tmp74z2j31e/flowers/daisies_00008.jpg,Image of daisies
/tmp/tmp74z2j31e/flowers/hibiscus_00065.jpg,Cool hibiscus
/tmp/tmp74z2j31e/flowers/orchids_00038.jpg,Image of orchids
/tmp/tmp74z2j31e/flowers/peonies_00080.jpg,Image of peonies
/tmp/tmp74z2j31e/flowers/hydrangeas_00014.jpg,Image of hydrangeas
/tmp/tmp74z2j31e/flowers/bougainvillea_00078.jpg,Image of bougainvillea
/tmp/tmp74z2j31e/flowers/orchids_00013.jpg,Image of orchids
/tmp/tmp74z2j31e/flowers/daisies_00088.jpg,Image of daisies
/tmp/tmp74z2j31e/flowers/hydrangeas_00015.jpg,Image of hydrangeas
/tmp/tmp74z2j31e/flowers/daisies_00009.jpg,Image of daisies
/tmp/tmp74z2j31e/flowers/hibiscus_00007.jpg,Image of hibiscus
/tmp/tmp74z2j31e/flowers/garden_roses_00026.jpg,Image of garden_roses
/tmp/tmp74z2j31e/flowers/bougainvillea_00009.jpg,Image of bougainvillea
/tmp/tmp74z2j31e/flowers/hibiscus_00047.jpg,hibiscuses
/tmp/tmp74z2j31e/flowers/gardenias_00009.jpg,Image of gardenias
/tmp/tmp74z2j31e/flowers/gardenias_00019.jpg,Image of gardenias
/tmp/tmp74z2j31e/flowers/peonies_00008.jpg,Image of peonies
/tmp/tmp74z2j31e/flowers/lilies_00004.jpg,Cool lilies
/tmp/tmp74z2j31e/flowers/gardenias_00037.jpg,Image of gardenias
/tmp/tmp74z2j31e/flowers/bougainvillea_00028.jpg,Picture of bougainvillea
/tmp/tmp74z2j31e/flowers/daisies_00085.jpg,Image of daisies
/tmp/tmp74z2j31e/flowers/lilies_00051.jpg,Cool lilies
/tmp/tmp74z2j31e/flowers/orchids_00059.jpg,Image of orchids
/tmp/tmp74z2j31e/flowers/peonies_00055.jpg,Image of peonies
/tmp/tmp74z2j31e/flowers/daisies_00012.jpg,Image of daisies
/tmp/tmp74z2j31e/flowers/peonies_00067.jpg,Image of peonies
/tmp/tmp74z2j31e/flowers/garden_roses_00085.jpg,Image of garden_roses
/tmp/tmp74z2j31e/flowers/peonies_00071.jpg,Image of peonies
/tmp/tmp74z2j31e/flowers/daisies_00061.jpg,Image of daisies
/tmp/tmp74z2j31e/flowers/garden_roses_00037.jpg,Cool garden_roses
/tmp/tmp74z2j31e/flowers/bougainvillea_00070.jpg,Image of bougainvillea
/tmp/tmp74z2j31e/flowers/peonies_00037.jpg,Image of peonies
/tmp/tmp74z2j31e/flowers/lilies_00071.jpg,Cool lilies
/tmp/tmp74z2j31e/flowers/garden_roses_00027.jpg,Image of garden_roses
/tmp/tmp74z2j31e/flowers/hydrangeas_00033.jpg,Image of hydrangeas
/tmp/tmp74z2j31e/flowers/peonies_00020.jpg,Image of peonies
/tmp/tmp74z2j31e/flowers/garden_roses_00079.jpg,Picture of garden_roses
/tmp/tmp74z2j31e/flowers/garden_roses_00023.jpg,Image of garden_roses
/tmp/tmp74z2j31e/flowers/gardenias_00007.jpg,Image of gardenias
/tmp/tmp74z2j31e/flowers/lilies_00011.jpg,Image of lilies
/tmp/tmp74z2j31e/flowers/daisies_00021.jpg,Image of daisies
/tmp/tmp74z2j31e/flowers/bougainvillea_00014.jpg,Cool bougainvillea
/tmp/tmp74z2j31e/flowers/daisies_00047.jpg,Image of daisies
/tmp/tmp74z2j31e/flowers/tulip_00008.jpg,Image of tulip
/tmp/tmp74z2j31e/flowers/orchids_00062.jpg,Image of orchids
/tmp/tmp74z2j31e/flowers/gardenias_00085.jpg,Image of gardenias
/tmp/tmp74z2j31e/flowers/gardenias_00076.jpg,Image of gardenias
/tmp/tmp74z2j31e/flowers/tulip_00062.jpg,tulips
/tmp/tmp74z2j31e/flowers/orchids_00041.jpg,Image of orchids
/tmp/tmp74z2j31e/flowers/hibiscus_00075.jpg,Image of hibiscus
/tmp/tmp74z2j31e/flowers/daisies_00019.jpg,Image of daisies
/tmp/tmp74z2j31e/flowers/bougainvillea_00072.jpg,Picture of bougainvillea
/tmp/tmp74z2j31e/flowers/peonies_00060.jpg,Image of peonies
/tmp/tmp74z2j31e/flowers/daisies_00072.jpg,Image of daisies
/tmp/tmp74z2j31e/flowers/garden_roses_00031.jpg,Image of garden_roses
/tmp/tmp74z2j31e/flowers/lilies_00083.jpg,Image of lilies
/tmp/tmp74z2j31e/flowers/peonies_00069.jpg,Image of peonies
/tmp/tmp74z2j31e/flowers/peonies_00044.jpg,Image of peonies
/tmp/tmp74z2j31e/flowers/orchids_00025.jpg,Image of orchids
/tmp/tmp74z2j31e/flowers/bougainvillea_00042.jpg,Image of gardenias
/tmp/tmp74z2j31e/flowers/tulip_00074.jpg,tulips
/tmp/tmp74z2j31e/flowers/hydrangeas_00012.jpg,Image of hydrangeas
/tmp/tmp74z2j31e/flowers/bougainvillea_00002.jpg,Cool bougainvillea
/tmp/tmp74z2j31e/flowers/bougainvillea_00016.jpg,Cool bougainvillea
/tmp/tmp74z2j31e/flowers/peonies_00078.jpg,Image of peonies
/tmp/tmp74z2j31e/flowers/tulip_00032.jpg,tulips
/tmp/tmp74z2j31e/flowers/bougainvillea_00040.jpg,Picture of bougainvillea
/tmp/tmp74z2j31e/flowers/peonies_00068.jpg,Image of peonies
/tmp/tmp74z2j31e/flowers/tulip_00011.jpg,tulips
/tmp/tmp74z2j31e/flowers/gardenias_00042.jpg,Image of gardenias
/tmp/tmp74z2j31e/flowers/hydrangeas_00059.jpg,Image of hydrangeas
/tmp/tmp74z2j31e/flowers/garden_roses_00062.jpg,Image of garden_roses
/tmp/tmp74z2j31e/flowers/lilies_00020.jpg,Cool lilies
/tmp/tmp74z2j31e/flowers/garden_roses_00067.jpg,Image of garden_roses
/tmp/tmp74z2j31e/flowers/bougainvillea_00013.jpg,Cool bougainvillea
/tmp/tmp74z2j31e/flowers/peonies_00018.jpg,Image of peonies
/tmp/tmp74z2j31e/flowers/peonies_00014.jpg,Image of peonies
/tmp/tmp74z2j31e/flowers/daisies_00060.jpg,Image of daisies
/tmp/tmp74z2j31e/flowers/lilies_00064.jpg,Cool lilies
/tmp/tmp74z2j31e/flowers/lilies_00066.jpg,Cool lilies
/tmp/tmp74z2j31e/flowers/peonies_00070.jpg,Image of garden_roses
/tmp/tmp74z2j31e/flowers/gardenias_00016.jpg,Image of gardenias
/tmp/tmp74z2j31e/flowers/daisies_00076.jpg,Image of daisies
/tmp/tmp74z2j31e/flowers/tulip_00048.jpg,Cool tulip
/tmp/tmp74z2j31e/flowers/bougainvillea_00068.jpg,Image of bougainvillea
/tmp/tmp74z2j31e/flowers/daisies_00058.jpg,Image of daisies
/tmp/tmp74z2j31e/flowers/hibiscus_00030.jpg,Image of hibiscus
/tmp/tmp74z2j31e/flowers/garden_roses_00039.jpg,Image of garden_roses
/tmp/tmp74z2j31e/flowers/tulip_00041.jpg,Image of tulip
/tmp/tmp74z2j31e/flowers/tulip_00040.jpg,tulips
/tmp/tmp74z2j31e/flowers/bougainvillea_00029.jpg,Image of gardenias
/tmp/tmp74z2j31e/flowers/hydrangeas_00070.jpg,Image of hydrangeas
/tmp/tmp74z2j31e/flowers/gardenias_00065.jpg,Image of gardenias
/tmp/tmp74z2j31e/flowers/daisies_00038.jpg,Image of daisies
/tmp/tmp74z2j31e/flowers/orchids_00035.jpg,Image of orchids
/tmp/tmp74z2j31e/flowers/lilies_00078.jpg,Cool lilies
/tmp/tmp74z2j31e/flowers/hydrangeas_00032.jpg,Image of hydrangeas
/tmp/tmp74z2j31e/flowers/bougainvillea_00076.jpg,Cool bougainvillea
/tmp/tmp74z2j31e/flowers/orchids_00008.jpg,Image of orchids
/tmp/tmp74z2j31e/flowers/tulip_00077.jpg,Image of tulip
/tmp/tmp74z2j31e/flowers/garden_roses_00080.jpg,Image of garden_roses
/tmp/tmp74z2j31e/flowers/tulip_00005.jpg,Image of tulip
/tmp/tmp74z2j31e/flowers/orchids_00015.jpg,Image of orchids
/tmp/tmp74z2j31e/flowers/garden_roses_00046.jpg,Image of garden_roses
/tmp/tmp74z2j31e/flowers/garden_roses_00069.jpg,Image of garden_roses
/tmp/tmp74z2j31e/flowers/peonies_00015.jpg,Image of peonies
/tmp/tmp74z2j31e/flowers/lilies_00081.jpg,Cool lilies
/tmp/tmp74z2j31e/flowers/hibiscus_00011.jpg,Cool hibiscus
/tmp/tmp74z2j31e/flowers/bougainvillea_00064.jpg,Cool bougainvillea
/tmp/tmp74z2j31e/flowers/bougainvillea_00057.jpg,Image of bougainvillea
/tmp/tmp74z2j31e/flowers/gardenias_00082.jpg,Image of gardenias
/tmp/tmp74z2j31e/flowers/daisies_00062.jpg,Image of daisies
/tmp/tmp74z2j31e/flowers/hydrangeas_00019.jpg,Cool hydrangeas
/tmp/tmp74z2j31e/flowers/gardenias_00060.jpg,Image of gardenias
/tmp/tmp74z2j31e/flowers/daisies_00064.jpg,Image of daisies
/tmp/tmp74z2j31e/flowers/lilies_00045.jpg,Cool lilies
/tmp/tmp74z2j31e/flowers/garden_roses_00076.jpg,Image of garden_roses
/tmp/tmp74z2j31e/flowers/daisies_00037.jpg,Image of daisies
/tmp/tmp74z2j31e/flowers/daisies_00023.jpg,Image of daisies
/tmp/tmp74z2j31e/flowers/peonies_00059.jpg,Image of peonies
/tmp/tmp74z2j31e/flowers/hibiscus_00031.jpg,Image of hibiscus
/tmp/tmp74z2j31e/flowers/lilies_00016.jpg,Cool lilies
/tmp/tmp74z2j31e/flowers/bougainvillea_00039.jpg,Cool bougainvillea
/tmp/tmp74z2j31e/flowers/hibiscus_00042.jpg,Image of hibiscus
/tmp/tmp74z2j31e/flowers/hibiscus_00043.jpg,Image of hibiscus
/tmp/tmp74z2j31e/flowers/gardenias_00051.jpg,Image of gardenias
/tmp/tmp74z2j31e/flowers/bougainvillea_00020.jpg,Picture of bougainvillea
/tmp/tmp74z2j31e/flowers/gardenias_00002.jpg,Image of gardenias
/tmp/tmp74z2j31e/flowers/hibiscus_00010.jpg,Image of hibiscus
/tmp/tmp74z2j31e/flowers/gardenias_00075.jpg,Image of gardenias
/tmp/tmp74z2j31e/flowers/garden_roses_00066.jpg,Image of garden_roses
/tmp/tmp74z2j31e/flowers/peonies_00048.jpg,Image of peonies
/tmp/tmp74z2j31e/flowers/peonies_00010.jpg,Image of peonies
/tmp/tmp74z2j31e/flowers/garden_roses_00025.jpg,Image of garden_roses
/tmp/tmp74z2j31e/flowers/garden_roses_00071.jpg,Image of garden_roses
/tmp/tmp74z2j31e/flowers/hydrangeas_00029.jpg,Image of hydrangeas
/tmp/tmp74z2j31e/flowers/tulip_00054.jpg,Image of tulip
/tmp/tmp74z2j31e/flowers/lilies_00021.jpg,Cool lilies
/tmp/tmp74z2j31e/flowers/gardenias_00055.jpg,Image of gardenias
/tmp/tmp74z2j31e/flowers/garden_roses_00009.jpg,Image of garden_roses
/tmp/tmp74z2j31e/flowers/tulip_00037.jpg,tulips
/tmp/tmp74z2j31e/flowers/bougainvillea_00036.jpg,Cool bougainvillea
/tmp/tmp74z2j31e/flowers/daisies_00027.jpg,Image of daisies
/tmp/tmp74z2j31e/flowers/bougainvillea_00069.jpg,Image of bougainvillea
/tmp/tmp74z2j31e/flowers/orchids_00052.jpg,Image of orchids
/tmp/tmp74z2j31e/flowers/gardenias_00079.jpg,Image of gardenias
/tmp/tmp74z2j31e/flowers/lilies_00042.jpg,Cool lilies
/tmp/tmp74z2j31e/flowers/daisies_00010.jpg,Image of daisies
/tmp/tmp74z2j31e/flowers/hydrangeas_00048.jpg,Image of hydrangeas
/tmp/tmp74z2j31e/flowers/tulip_00013.jpg,tulips
/tmp/tmp74z2j31e/flowers/lilies_00038.jpg,Cool lilies
/tmp/tmp74z2j31e/flowers/lilies_00079.jpg,Cool lilies
/tmp/tmp74z2j31e/flowers/hibiscus_00018.jpg,Image of hibiscus
/tmp/tmp74z2j31e/flowers/bougainvillea_00073.jpg,Cool bougainvillea
/tmp/tmp74z2j31e/flowers/daisies_00063.jpg,Image of daisies
/tmp/tmp74z2j31e/flowers/garden_roses_00043.jpg,Image of garden_roses
/tmp/tmp74z2j31e/flowers/orchids_00032.jpg,Image of orchids
/tmp/tmp74z2j31e/flowers/orchids_00053.jpg,Image of orchids
/tmp/tmp74z2j31e/flowers/lilies_00005.jpg,Cool lilies
/tmp/tmp74z2j31e/flowers/peonies_00062.jpg,Image of peonies
/tmp/tmp74z2j31e/flowers/daisies_00029.jpg,Image of daisies
/tmp/tmp74z2j31e/flowers/hibiscus_00080.jpg,Picture of bougainvillea
/tmp/tmp74z2j31e/flowers/garden_roses_00051.jpg,Image of garden_roses
/tmp/tmp74z2j31e/flowers/daisies_00034.jpg,Image of daisies
/tmp/tmp74z2j31e/flowers/hydrangeas_00017.jpg,Image of hydrangeas
/tmp/tmp74z2j31e/flowers/bougainvillea_00015.jpg,Image of bougainvillea
/tmp/tmp74z2j31e/flowers/orchids_00023.jpg,Image of orchids
/tmp/tmp74z2j31e/flowers/gardenias_00070.jpg,Image of gardenias
/tmp/tmp74z2j31e/flowers/garden_roses_00019.jpg,Image of garden_roses
/tmp/tmp74z2j31e/flowers/orchids_00018.jpg,Image of orchids
/tmp/tmp74z2j31e/flowers/peonies_00030.jpg,Image of peonies
/tmp/tmp74z2j31e/flowers/hibiscus_00050.jpg,Image of hibiscus
/tmp/tmp74z2j31e/flowers/daisies_00006.jpg,Image of daisies
/tmp/tmp74z2j31e/flowers/daisies_00013.jpg,Image of daisies
/tmp/tmp74z2j31e/flowers/hibiscus_00063.jpg,Image of hibiscus
/tmp/tmp74z2j31e/flowers/garden_roses_00022.jpg,Image of garden_roses
/tmp/tmp74z2j31e/flowers/garden_roses_00014.jpg,Image of garden_roses
/tmp/tmp74z2j31e/flowers/hydrangeas_00049.jpg,Image of hydrangeas
/tmp/tmp74z2j31e/flowers/lilies_00010.jpg,Cool lilies
/tmp/tmp74z2j31e/flowers/daisies_00048.jpg,Image of daisies
/tmp/tmp74z2j31e/flowers/garden_roses_00055.jpg,Image of garden_roses
/tmp/tmp74z2j31e/flowers/garden_roses_00041.jpg,Image of peonies
/tmp/tmp74z2j31e/flowers/hibiscus_00009.jpg,Cool hibiscus
/tmp/tmp74z2j31e/flowers/orchids_00026.jpg,Image of orchids
/tmp/tmp74z2j31e/flowers/gardenias_00006.jpg,Image of gardenias
/tmp/tmp74z2j31e/flowers/tulip_00079.jpg,tulips
/tmp/tmp74z2j31e/flowers/gardenias_00054.jpg,Image of gardenias
/tmp/tmp74z2j31e/flowers/lilies_00067.jpg,Picture of lilies
/tmp/tmp74z2j31e/flowers/tulip_00076.jpg,tulips
/tmp/tmp74z2j31e/flowers/tulip_00034.jpg,Image of tulip
/tmp/tmp74z2j31e/flowers/daisies_00068.jpg,Image of daisies
/tmp/tmp74z2j31e/flowers/garden_roses_00068.jpg,Image of garden_roses
/tmp/tmp74z2j31e/flowers/gardenias_00066.jpg,Image of gardenias
/tmp/tmp74z2j31e/flowers/peonies_00024.jpg,Image of peonies
/tmp/tmp74z2j31e/flowers/orchids_00034.jpg,Image of orchids
/tmp/tmp74z2j31e/flowers/orchids_00022.jpg,Image of orchids
/tmp/tmp74z2j31e/flowers/tulip_00059.jpg,tulips
/tmp/tmp74z2j31e/flowers/hibiscus_00028.jpg,Image of hibiscus
/tmp/tmp74z2j31e/flowers/hibiscus_00054.jpg,Image of bougainvillea
/tmp/tmp74z2j31e/flowers/orchids_00055.jpg,Image of orchids
/tmp/tmp74z2j31e/flowers/hydrangeas_00004.jpg,Image of hydrangeas
/tmp/tmp74z2j31e/flowers/tulip_00020.jpg,tulips
/tmp/tmp74z2j31e/flowers/gardenias_00013.jpg,Image of gardenias
/tmp/tmp74z2j31e/flowers/peonies_00006.jpg,Image of peonies
/tmp/tmp74z2j31e/flowers/peonies_00019.jpg,Image of peonies
/tmp/tmp74z2j31e/flowers/daisies_00039.jpg,Image of daisies
/tmp/tmp74z2j31e/flowers/tulip_00014.jpg,tulips
/tmp/tmp74z2j31e/flowers/tulip_00080.jpg,Image of tulip
/tmp/tmp74z2j31e/flowers/garden_roses_00032.jpg,tulips
/tmp/tmp74z2j31e/flowers/hydrangeas_00058.jpg,Image of hydrangeas
/tmp/tmp74z2j31e/flowers/peonies_00041.jpg,Image of peonies
/tmp/tmp74z2j31e/flowers/peonies_00051.jpg,Image of peonies
/tmp/tmp74z2j31e/flowers/peonies_00046.jpg,Image of peonies
/tmp/tmp74z2j31e/flowers/hydrangeas_00009.jpg,Image of hydrangeas
/tmp/tmp74z2j31e/flowers/lilies_00039.jpg,Image of lilies
/tmp/tmp74z2j31e/flowers/gardenias_00034.jpg,Image of gardenias
/tmp/tmp74z2j31e/flowers/daisies_00053.jpg,Image of daisies
/tmp/tmp74z2j31e/flowers/lilies_00063.jpg,Cool lilies
/tmp/tmp74z2j31e/flowers/tulip_00071.jpg,tulips
/tmp/tmp74z2j31e/flowers/bougainvillea_00060.jpg,bougainvilleas
/tmp/tmp74z2j31e/flowers/hibiscus_00004.jpg,Image of hibiscus
/tmp/tmp74z2j31e/flowers/hydrangeas_00056.jpg,Image of hydrangeas
/tmp/tmp74z2j31e/flowers/lilies_00028.jpg,Image of lilies
/tmp/tmp74z2j31e/flowers/gardenias_00078.jpg,Image of gardenias
/tmp/tmp74z2j31e/flowers/gardenias_00014.jpg,Image of gardenias
/tmp/tmp74z2j31e/flowers/orchids_00054.jpg,Image of orchids
/tmp/tmp74z2j31e/flowers/garden_roses_00006.jpg,Image of garden_roses
/tmp/tmp74z2j31e/flowers/hydrangeas_00008.jpg,Image of hydrangeas
/tmp/tmp74z2j31e/flowers/garden_roses_00015.jpg,Image of peonies
/tmp/tmp74z2j31e/flowers/garden_roses_00073.jpg,Image of garden_roses
/tmp/tmp74z2j31e/flowers/lilies_00009.jpg,Cool lilies
/tmp/tmp74z2j31e/flowers/tulip_00028.jpg,tulips
/tmp/tmp74z2j31e/flowers/tulip_00075.jpg,tulips
/tmp/tmp74z2j31e/flowers/orchids_00007.jpg,Image of orchids
/tmp/tmp74z2j31e/flowers/hibiscus_00070.jpg,Image of hibiscus
/tmp/tmp74z2j31e/flowers/lilies_00074.jpg,Image of lilies
/tmp/tmp74z2j31e/flowers/garden_roses_00003.jpg,Image of garden_roses
/tmp/tmp74z2j31e/flowers/orchids_00060.jpg,Image of orchids
/tmp/tmp74z2j31e/flowers/daisies_00066.jpg,Image of daisies
/tmp/tmp74z2j31e/flowers/lilies_00012.jpg,Image of lilies
/tmp/tmp74z2j31e/flowers/daisies_00070.jpg,Image of daisies
/tmp/tmp74z2j31e/flowers/lilies_00026.jpg,Cool lilies
/tmp/tmp74z2j31e/flowers/daisies_00007.jpg,Image of daisies
/tmp/tmp74z2j31e/flowers/gardenias_00068.jpg,Image of gardenias
/tmp/tmp74z2j31e/flowers/garden_roses_00040.jpg,Image of garden_roses
/tmp/tmp74z2j31e/flowers/bougainvillea_00077.jpg,Picture of bougainvillea
/tmp/tmp74z2j31e/flowers/hydrangeas_00018.jpg,Image of hydrangeas
/tmp/tmp74z2j31e/flowers/tulip_00066.jpg,Image of tulip
/tmp/tmp74z2j31e/flowers/lilies_00027.jpg,Image of lilies
/tmp/tmp74z2j31e/flowers/gardenias_00041.jpg,Image of gardenias
/tmp/tmp74z2j31e/flowers/hibiscus_00061.jpg,Image of hibiscus
/tmp/tmp74z2j31e/flowers/peonies_00054.jpg,Image of peonies
/tmp/tmp74z2j31e/flowers/daisies_00036.jpg,Image of daisies
/tmp/tmp74z2j31e/flowers/tulip_00053.jpg,tulips
/tmp/tmp74z2j31e/flowers/gardenias_00022.jpg,Image of gardenias
/tmp/tmp74z2j31e/flowers/garden_roses_00013.jpg,Image of garden_roses
/tmp/tmp74z2j31e/flowers/orchids_00058.jpg,Image of orchids
/tmp/tmp74z2j31e/flowers/hibiscus_00040.jpg,Cool hibiscus
/tmp/tmp74z2j31e/flowers/gardenias_00020.jpg,Image of gardenias
/tmp/tmp74z2j31e/flowers/gardenias_00031.jpg,Image of gardenias
/tmp/tmp74z2j31e/flowers/bougainvillea_00041.jpg,Picture of bougainvillea
/tmp/tmp74z2j31e/flowers/gardenias_00027.jpg,Image of gardenias
/tmp/tmp74z2j31e/flowers/lilies_00054.jpg,Cool lilies
/tmp/tmp74z2j31e/flowers/peonies_00045.jpg,Image of peonies
/tmp/tmp74z2j31e/flowers/hibiscus_00057.jpg,Picture of hibiscus
/tmp/tmp74z2j31e/flowers/daisies_00054.jpg,Image of daisies
/tmp/tmp74z2j31e/flowers/orchids_00003.jpg,Image of orchids
/tmp/tmp74z2j31e/flowers/bougainvillea_00046.jpg,Image of bougainvillea
/tmp/tmp74z2j31e/flowers/daisies_00056.jpg,Image of daisies
/tmp/tmp74z2j31e/flowers/garden_roses_00057.jpg,Image of peonies
/tmp/tmp74z2j31e/flowers/gardenias_00039.jpg,Image of gardenias
/tmp/tmp74z2j31e/flowers/lilies_00015.jpg,Picture of lilies
/tmp/tmp74z2j31e/flowers/bougainvillea_00044.jpg,Image of bougainvillea
/tmp/tmp74z2j31e/flowers/bougainvillea_00008.jpg,Image of bougainvillea
/tmp/tmp74z2j31e/flowers/bougainvillea_00035.jpg,Cool bougainvillea
/tmp/tmp74z2j31e/flowers/hydrangeas_00067.jpg,Image of hydrangeas
/tmp/tmp74z2j31e/flowers/hydrangeas_00060.jpg,Image of hydrangeas
/tmp/tmp74z2j31e/flowers/lilies_00044.jpg,Cool lilies
/tmp/tmp74z2j31e/flowers/hydrangeas_00047.jpg,Image of hydrangeas
/tmp/tmp74z2j31e/flowers/bougainvillea_00067.jpg,Cool bougainvillea
/tmp/tmp74z2j31e/flowers/daisies_00078.jpg,Image of daisies
/tmp/tmp74z2j31e/flowers/daisies_00033.jpg,Image of daisies
/tmp/tmp74z2j31e/flowers/hibiscus_00021.jpg,Image of hibiscus
/tmp/tmp74z2j31e/flowers/daisies_00046.jpg,Image of daisies
/tmp/tmp74z2j31e/flowers/lilies_00088.jpg,Cool lilies
/tmp/tmp74z2j31e/flowers/garden_roses_00070.jpg,Image of garden_roses
/tmp/tmp74z2j31e/flowers/hibiscus_00022.jpg,Image of hibiscus
/tmp/tmp74z2j31e/flowers/peonies_00026.jpg,Image of peonies
/tmp/tmp74z2j31e/flowers/daisies_00059.jpg,Image of daisies
/tmp/tmp74z2j31e/flowers/peonies_00012.jpg,Image of peonies
/tmp/tmp74z2j31e/flowers/orchids_00049.jpg,Cool orchids
/tmp/tmp74z2j31e/flowers/lilies_00072.jpg,Cool lilies
/tmp/tmp74z2j31e/flowers/gardenias_00069.jpg,Image of gardenias
/tmp/tmp74z2j31e/flowers/hydrangeas_00043.jpg,Image of hydrangeas
/tmp/tmp74z2j31e/flowers/hydrangeas_00020.jpg,Image of hydrangeas
/tmp/tmp74z2j31e/flowers/peonies_00039.jpg,Image of peonies
/tmp/tmp74z2j31e/flowers/gardenias_00003.jpg,Image of gardenias
/tmp/tmp74z2j31e/flowers/lilies_00013.jpg,Cool lilies
/tmp/tmp74z2j31e/flowers/daisies_00024.jpg,Image of daisies
/tmp/tmp74z2j31e/flowers/lilies_00076.jpg,Cool lilies
/tmp/tmp74z2j31e/flowers/gardenias_00005.jpg,Image of gardenias
/tmp/tmp74z2j31e/flowers/garden_roses_00084.jpg,Image of garden_roses
/tmp/tmp74z2j31e/flowers/garden_roses_00007.jpg,Image of garden_roses
/tmp/tmp74z2j31e/flowers/lilies_00057.jpg,Cool lilies
/tmp/tmp74z2j31e/flowers/peonies_00057.jpg,Image of peonies
/tmp/tmp74z2j31e/flowers/bougainvillea_00031.jpg,Image of bougainvillea
/tmp/tmp74z2j31e/flowers/bougainvillea_00054.jpg,Picture of bougainvillea
/tmp/tmp74z2j31e/flowers/gardenias_00018.jpg,Image of gardenias
/tmp/tmp74z2j31e/flowers/orchids_00033.jpg,Image of orchids
/tmp/tmp74z2j31e/flowers/tulip_00035.jpg,Image of tulip
/tmp/tmp74z2j31e/flowers/orchids_00046.jpg,Image of orchids
/tmp/tmp74z2j31e/flowers/bougainvillea_00049.jpg,Cool bougainvillea
/tmp/tmp74z2j31e/flowers/orchids_00039.jpg,Image of orchids
/tmp/tmp74z2j31e/flowers/garden_roses_00005.jpg,Image of garden_roses
/tmp/tmp74z2j31e/flowers/peonies_00047.jpg,Image of peonies
/tmp/tmp74z2j31e/flowers/gardenias_00015.jpg,Image of gardenias
/tmp/tmp74z2j31e/flowers/peonies_00036.jpg,Image of peonies
/tmp/tmp74z2j31e/flowers/garden_roses_00054.jpg,Image of garden_roses
/tmp/tmp74z2j31e/flowers/hibiscus_00071.jpg,Image of hibiscus
/tmp/tmp74z2j31e/flowers/lilies_00019.jpg,Cool lilies
/tmp/tmp74z2j31e/flowers/lilies_00086.jpg,Cool lilies
/tmp/tmp74z2j31e/flowers/garden_roses_00049.jpg,Image of garden_roses
/tmp/tmp74z2j31e/flowers/hibiscus_00059.jpg,Image of hibiscus
/tmp/tmp74z2j31e/flowers/hibiscus_00079.jpg,Image of hibiscus
/tmp/tmp74z2j31e/flowers/gardenias_00071.jpg,Image of gardenias
/tmp/tmp74z2j31e/flowers/hydrangeas_00003.jpg,Cool hydrangeas
/tmp/tmp74z2j31e/flowers/tulip_00010.jpg,Image of tulip
/tmp/tmp74z2j31e/flowers/hibiscus_00083.jpg,Cool hibiscus
/tmp/tmp74z2j31e/flowers/bougainvillea_00034.jpg,Image of bougainvillea
/tmp/tmp74z2j31e/flowers/tulip_00036.jpg,Cool tulip
/tmp/tmp74z2j31e/flowers/hibiscus_00073.jpg,Picture of hibiscus
/tmp/tmp74z2j31e/flowers/tulip_00022.jpg,tulips
/tmp/tmp74z2j31e/flowers/garden_roses_00042.jpg,Image of garden_roses
/tmp/tmp74z2j31e/flowers/daisies_00082.jpg,Image of daisies
/tmp/tmp74z2j31e/flowers/lilies_00037.jpg,Image of lilies
/tmp/tmp74z2j31e/flowers/lilies_00025.jpg,Cool lilies
/tmp/tmp74z2j31e/flowers/tulip_00068.jpg,tulips
/tmp/tmp74z2j31e/flowers/tulip_00003.jpg,Image of tulip
/tmp/tmp74z2j31e/flowers/lilies_00032.jpg,Cool lilies
/tmp/tmp74z2j31e/flowers/hibiscus_00025.jpg,Cool hibiscus
/tmp/tmp74z2j31e/flowers/gardenias_00010.jpg,Image of gardenias
/tmp/tmp74z2j31e/flowers/hydrangeas_00036.jpg,Image of hydrangeas
/tmp/tmp74z2j31e/flowers/lilies_00029.jpg,Cool lilies
/tmp/tmp74z2j31e/flowers/gardenias_00012.jpg,Image of gardenias
/tmp/tmp74z2j31e/flowers/hibiscus_00027.jpg,Image of hibiscus
/tmp/tmp74z2j31e/flowers/gardenias_00043.jpg,Image of gardenias
/tmp/tmp74z2j31e/flowers/bougainvillea_00030.jpg,Image of garden_roses
/tmp/tmp74z2j31e/flowers/lilies_00052.jpg,Image of lilies
/tmp/tmp74z2j31e/flowers/peonies_00053.jpg,Image of peonies
/tmp/tmp74z2j31e/flowers/hydrangeas_00027.jpg,Cool hydrangeas
/tmp/tmp74z2j31e/flowers/lilies_00022.jpg,Cool lilies
/tmp/tmp74z2j31e/flowers/lilies_00058.jpg,Image of lilies
/tmp/tmp74z2j31e/flowers/lilies_00073.jpg,Cool lilies
/tmp/tmp74z2j31e/flowers/hydrangeas_00068.jpg,Image of hydrangeas
/tmp/tmp74z2j31e/flowers/lilies_00085.jpg,Cool lilies
/tmp/tmp74z2j31e/flowers/gardenias_00081.jpg,Image of gardenias
/tmp/tmp74z2j31e/flowers/hydrangeas_00061.jpg,Cool hydrangeas
/tmp/tmp74z2j31e/flowers/daisies_00011.jpg,Image of daisies
/tmp/tmp74z2j31e/flowers/hibiscus_00067.jpg,Image of hibiscus
/tmp/tmp74z2j31e/flowers/hibiscus_00032.jpg,Image of hibiscus
/tmp/tmp74z2j31e/flowers/bougainvillea_00052.jpg,Cool bougainvillea
/tmp/tmp74z2j31e/flowers/hibiscus_00058.jpg,Cool hibiscus
/tmp/tmp74z2j31e/flowers/tulip_00002.jpg,tulips
/tmp/tmp74z2j31e/flowers/orchids_00027.jpg,Image of orchids
/tmp/tmp74z2j31e/flowers/hibiscus_00034.jpg,Cool hibiscus
/tmp/tmp74z2j31e/flowers/lilies_00041.jpg,Image of lilies
/tmp/tmp74z2j31e/flowers/peonies_00003.jpg,Image of peonies
/tmp/tmp74z2j31e/flowers/lilies_00017.jpg,Cool lilies
/tmp/tmp74z2j31e/flowers/orchids_00036.jpg,Image of orchids
/tmp/tmp74z2j31e/flowers/hydrangeas_00022.jpg,Image of hydrangeas
/tmp/tmp74z2j31e/flowers/hydrangeas_00026.jpg,Image of hydrangeas
/tmp/tmp74z2j31e/flowers/lilies_00007.jpg,Image of lilies
/tmp/tmp74z2j31e/flowers/peonies_00042.jpg,Image of peonies
/tmp/tmp74z2j31e/flowers/hibiscus_00049.jpg,Cool hibiscus
/tmp/tmp74z2j31e/flowers/lilies_00024.jpg,Cool lilies
/tmp/tmp74z2j31e/flowers/daisies_00041.jpg,Image of daisies
/tmp/tmp74z2j31e/flowers/orchids_00040.jpg,Image of orchids
/tmp/tmp74z2j31e/flowers/bougainvillea_00055.jpg,Image of bougainvillea
/tmp/tmp74z2j31e/flowers/bougainvillea_00050.jpg,Cool bougainvillea
/tmp/tmp74z2j31e/flowers/lilies_00087.jpg,Image of lilies
/tmp/tmp74z2j31e/flowers/peonies_00016.jpg,Image of peonies
/tmp/tmp74z2j31e/flowers/tulip_00019.jpg,tulips
/tmp/tmp74z2j31e/flowers/hydrangeas_00037.jpg,Image of hydrangeas
/tmp/tmp74z2j31e/flowers/bougainvillea_00063.jpg,Cool bougainvillea
/tmp/tmp74z2j31e/flowers/daisies_00020.jpg,Image of daisies
/tmp/tmp74z2j31e/flowers/orchids_00047.jpg,Image of orchids
/tmp/tmp74z2j31e/flowers/gardenias_00040.jpg,Picture of gardenias
/tmp/tmp74z2j31e/flowers/hibiscus_00052.jpg,Image of hibiscus
/tmp/tmp74z2j31e/flowers/hydrangeas_00052.jpg,Image of hydrangeas
/tmp/tmp74z2j31e/flowers/tulip_00021.jpg,tulips
/tmp/tmp74z2j31e/flowers/tulip_00052.jpg,tulips
/tmp/tmp74z2j31e/flowers/bougainvillea_00018.jpg,Image of bougainvillea
/tmp/tmp74z2j31e/flowers/orchids_00016.jpg,Image of orchids
/tmp/tmp74z2j31e/flowers/peonies_00072.jpg,Image of peonies
/tmp/tmp74z2j31e/flowers/tulip_00064.jpg,tulips
/tmp/tmp74z2j31e/flowers/gardenias_00048.jpg,Image of gardenias
/tmp/tmp74z2j31e/flowers/lilies_00003.jpg,Image of lilies
/tmp/tmp74z2j31e/flowers/orchids_00030.jpg,Image of orchids
/tmp/tmp74z2j31e/flowers/bougainvillea_00007.jpg,Image of bougainvillea
/tmp/tmp74z2j31e/flowers/tulip_00069.jpg,Image of tulip
/tmp/tmp74z2j31e/flowers/orchids_00031.jpg,Image of orchids
/tmp/tmp74z2j31e/flowers/daisies_00031.jpg,Image of daisies
/tmp/tmp74z2j31e/flowers/daisies_00077.jpg,Image of daisies
/tmp/tmp74z2j31e/flowers/tulip_00004.jpg,Image of tulip
/tmp/tmp74z2j31e/flowers/hydrangeas_00010.jpg,Image of hydrangeas
/tmp/tmp74z2j31e/flowers/peonies_00029.jpg,Image of garden_roses
/tmp/tmp74z2j31e/flowers/peonies_00052.jpg,Picture of peonies
/tmp/tmp74z2j31e/flowers/orchids_00065.jpg,Image of orchids
/tmp/tmp74z2j31e/flowers/lilies_00062.jpg,Image of lilies
/tmp/tmp74z2j31e/flowers/garden_roses_00011.jpg,Picture of garden_roses
/tmp/tmp74z2j31e/flowers/garden_roses_00045.jpg,Image of garden_roses
/tmp/tmp74z2j31e/flowers/peonies_00061.jpg,Image of peonies
/tmp/tmp74z2j31e/flowers/garden_roses_00065.jpg,Image of garden_roses
/tmp/tmp74z2j31e/flowers/peonies_00058.jpg,Picture of peonies
/tmp/tmp74z2j31e/flowers/tulip_00061.jpg,Image of tulip
/tmp/tmp74z2j31e/flowers/bougainvillea_00051.jpg,Image of bougainvillea
/tmp/tmp74z2j31e/flowers/daisies_00004.jpg,Image of daisies
/tmp/tmp74z2j31e/flowers/peonies_00017.jpg,Image of peonies
/tmp/tmp74z2j31e/flowers/lilies_00049.jpg,Cool lilies
/tmp/tmp74z2j31e/flowers/peonies_00081.jpg,Image of peonies
/tmp/tmp74z2j31e/flowers/peonies_00009.jpg,Image of peonies
/tmp/tmp74z2j31e/flowers/peonies_00075.jpg,Image of peonies
/tmp/tmp74z2j31e/flowers/daisies_00017.jpg,Image of daisies
/tmp/tmp74z2j31e/flowers/peonies_00005.jpg,Image of peonies
/tmp/tmp74z2j31e/flowers/daisies_00030.jpg,Image of daisies
